Operator,Service,Dir,BU,Vessel,IMO,Rotation No.,From,To,Berth Status,BTR asat 96h toATB,FinalBTR(LocalTime),ABT (LocalTime),ATB(LocalTime),ATU (LocalTime),ArrivalVariance (within4htarget),ArrivalAccuracy(FinalBTR),WaitTime(Hours):ATB-BTR,WaitTime(Hours):ABT-BTR,Wait Time(hours):ATB-ABT,Berth Time(hours):ATU-ATB,AssuredPortTimeAchieved(%),Bunker Saved(USD),Carbon Abatement (Tonnes)
GRN,DF5,W,PANAMACITY,MVRAPIDVOYAGER,6280239,20251001,JPTYO,USSEA,DEPARTED,23-04-2516:25,23-04-25 7:35,23-04-25 12:08,23-04-2511:30,24-04-25 18:45,3.9,Y,-4.92,-4.28,-0.64,31.26,0.25,35776.21,0.204
NVX,KP9,E,PANAMACITY,MVSOUTHERNSEAWAY,8506594,20251002,USLAX,AEJEA,DEPARTED,29-07-2521:55,29-07-2512:13,29-07-25 9:51,29-07-2516:45,30-07-2516:42,4.52,N,-5.17,-12.07,6.89,23.96,0.1206,25568.79,0.228
DPT,HWI,W,LAEMCHABANG,MVWESTERNAURORA,9888242,20251003,JPTYO,ESALG,DEPARTED,14-08-25 15:29,14-08-25 9:57,14-08-25 2:29,14-08-25 6:40,14-08-25 14:40,3.29,Y,-8.83,-13,4.18,8,0.1549,19575.91,0.135
EVO,59H,W,LAEMCHABANG,MVEASTERNFALCON,1709981,20251004,TWKHH,PAPTY,DEPARTED,12/8/2025 1:02,12/8/2025 7:26,11/8/2025 22:39,12/8/2025 6:30,13-08-25 18:43,0.94,Y,5.46,-2.39,7.84,36.23,0.153,23862.37,0.357
GRN,15P,W,DAMMAM,MVTRUST SEAL,2614463,20251005,JPOSA,ITGIT,DEPARTED,12-03-2522:22,13-03-25 0:40,12/3/2025 22:44,13-03-25 4:20,14-03-25 22:42,3.65,Y,5.97,0.38,5.59,42.38,0.1327,18299.25,0.232
SVQ,DF5,E,BUSAN,MVBRIGHT DOLPHIN,7173371,20251006,USSEA,JPTYO,DEPARTED,29-03-25 2:51,29-03-25 8:53,29-03-253:06,29-03-258:30,30-03-25 15:05,0.39,Y,5.63,0.25,5.39,30.59,0.1767,15986.41,0.162
DPT,5RC,E,JAKARTA,MVEMERALDORCA,6579184,20251007,GRPIR,KRPUS,DEPARTED,13-08-259:33,13-08-25 12:13,13-08-2517:42,13-08-25 11:25,14-08-25 15:55,0.81,Y,1.86,8.15,-6.29,28.51,0.2363,30093.78,0.298
GRN,I13,W,PANAMACITY,MVTRUST CORAL,5304189,20251008,BRSSZ,USLAX,DEPARTED,24-06-2521:02,24-06-2512:03,24-06-25 6:41,24-06-2512:30,25-06-25 11:57,0.44,Y,-8.54,-14.34,5.81,23.45,0.2066,17216.15,0.1
AZQ,KQ5,W,SINGAPORE,MVRAPIDHORIZON,6160806,20251009,VNSGN,DEHAM,DEPARTED,27-08-25 1:18,26-08-2515:01,26-08-25 23:01,26-08-25 18:35,28-08-2521:25,3.55,Y,-6.72,-2.27,-4.45,50.84,0.0849,15058.17,0.162
EVO,89H,W,PANAMACITY,MV WESTERNALBATROSS,5152832,20251010,AEKHL,USSEA,DEPARTED,31-07-25 15:53,31-07-25 4:53,31-07-25 2:34,31-07-25 3:55,2/8/2025 4:26,0.98,Y,-11.97,-13.31,1.33,48.52,0.0696,5558.85,0.14
NVX,B5G,W,TIANJIN,MVATLANTICHERON,8689283,20251011,CNXMN,CNYTN,DEPARTED,29-01-25 10:22,29-01-25 17:05,29-01-25 10:07,29-01-2514:55,30-01-25 21:23,2.17,Y,4.55,-0.25,4.8,30.48,0.1207,971.07,0.1
SVQ,I2D,E,MUMBAI,MVWESTERNCORAL,2437483,20251012,ESALG,VNSGN,DEPARTED,20-04-25 6:06,20-04-25 13:48,20-04-25 10:12,20-04-25 8:20,22-04-25 5:35,5.48,N,2.23,4.1,-1.87,45.26,0.235,32472.13,0.231
CRY,2C7,W,LAEMCHABANG,MVGOLDENSEAL,4465988,20251013,CNTXG,ESVLC,DEPARTED,10-07-2522:29,11-07-253:20,11/7/2025 8:39,11/7/2025 8:25,12/7/2025 20:35,5.08,N,9.92,10.17,-0.24,36.18,0.1103,10278.51,0.202
GRN,03J,W,DAMMAM,MVSOUTHERNFALCON,990575,20251014,AEKHL,GBFXT,DEPARTED,03-04-253:14,2/4/2025 22:46,3/4/2025 0:04,03-04-252:10,04-04-2512:27,3.4,Y,-1.07,-3.16,2.09,34.3,0.1416,8006.81,0.162
OPR,EO3,E,DAMMAM,MVSILVERHERON,3582978,20251015,GBSOU,MYPKG,DEPARTED,4/3/2025 18:16,5/3/2025 4:11,04-03-2520:29,5/3/2025 1:10,5/3/2025 21:13,3.02,Y,6.89,2.22,4.67,20.05,0.177,17182.97,0.276
AZQ,C0D,W,BUSAN,MVGRANDCORAL,1671273,20251016,JPOSA,ESVLC,DEPARTED,30-03-25 7:44,30-03-2512:53,30-03-25 8:01,30-03-25 10:40,01-04-2513:26,2.22,Y,2.92,0.27,2.65,50.77,0.0636,7858.93,0.1
SVQ,59H,W,TIANJIN,MVSOUTHERNDOLPHIN,9008485,20251017,CNQDG,BEANR,DEPARTED,10/4/2025 23:59,10/4/2025 11:10,10/4/2025 12:04,10-04-2515:25,13-04-25 3:38,4.24,N,-8.57,-11.91,3.34,60.23,0.2085,28065.53,0.225
UVX,I2D,W,SINGAPORE,MVPACIFICALBATROSS,1582614,20251018,TWKHH,NLRTM,DEPARTED,07-07-258:20,07-07-257:20,6/7/2025 19:38,7/7/2025 1:55,8/7/2025 4:25,5.42,N,-6.42,-12.7,6.28,26.5,0.1279,21846.86,0.148
BLX,2C7,W,BUSAN,MVBLUESEAWAY,7344499,20251019,JPOSA,PAPTY,DEPARTED,20-09-25 8:56,20-09-25 20:24,20-09-25 12:39,20-09-2517:30,22-09-25 6:50,2.92,Y,8.55,3.7,4.85,37.35,0.1384,18775.05,0.415
OPR,5RC,W,PANAMACITY,MVBRIGHT HORIZON,9192156,20251020,THLCB,USSEA,DEPARTED,1/1/2025 19:29,2/1/2025 6:36,2/1/2025 2:13,2/1/2025 5:00,3/1/2025 17:24,1.61,Y,9.51,6.73,2.78,36.4,0.05,3803.18,0.1
UVX,57M,E,MUMBAI,MVSOUTHERNAURORA,9869235,20251021,USSEA,CNSZX,DEPARTED,25-04-25 20:28,25-04-25 16:23,25-04-25 7:08,25-04-25 13:25,27-04-253:29,2.98,Y,-7.06,-13.34,6.27,38.07,0.1085,13597.72,0.201
AZQ,59H,E,JAKARTA,MVBLUEFALCON,456600,20251022,ESVLC,CNNBG,DEPARTED,24-03-256:47,24-03-250:11,24-03-25 2:46,23-03-25 22:45,24-03-2522:05,1.44,Y,-8.04,-4,-4.03,23.34,0.1236,15798.73,0.1
GRN,D9M,E,PANAMACITY,MV NORTHERNHORIZON,3497714,20251023,USLAX,KRPUS,DEPARTED,2/9/2025 11:44,2/9/2025 6:04,2/9/2025 8:47,2/9/2025 5:35,03-09-258:29,0.5,Y,-6.16,-2.95,-3.21,26.91,0.213,43808.65,0.195
AZQ,D9M,E,SINGAPORE,MVPACIFICORCA,7527364,20251024,ESALG,CNXMN,DEPARTED,1/3/2025 20:31,1/3/2025 13:07,1/3/2025 2:36,1/3/2025 10:30,3/3/2025 10:16,2.62,Y,-10.02,-17.91,7.88,47.77,0.1169,15311.32,0.103
AZQ,B5G,E,TIANJIN,MVBRIGHT DOLPHIN,4283314,20251025,USSEA,JPOSA,DEPARTED,01-07-2521:36,02-07-252:09,2/7/2025 7:03,02-07-257:05,3/7/2025 15:35,4.92,N,9.47,9.45,0.03,32.5,0.1237,9526.06,0.112
OPR,ALW,W,LAEMCHABANG,MVRAPIDALBATROSS,6588794,20251026,KRPUS,DEHAM,DEPARTED,18-05-25 8:12,18-05-25 17:56,18-05-25 14:50,18-05-2514:45,20-05-25 17:08,3.19,Y,6.54,6.64,-0.1,50.39,0.2087,27520.71,0.213
GRN,LGC,W,SINGAPORE,MVEASTERNGATE,5739744,20251027,TWKHH,MYPKG,DEPARTED,21-04-25 15:34,21-04-25 11:21,21-04-25 10:37,21-04-25 8:10,23-04-251:40,3.19,Y,-7.41,-4.96,-2.46,41.51,0.2072,11705.92,0.1
EVO,I2D,W,JAKARTA,MVOCEANCONSTELLATION,1159187,20251028,HKHKG,NLRTM,DEPARTED,1/5/2025 2:36,1/5/2025 6:44,01-05-250:09,1/5/2025 7:10,02-05-2520:55,0.43,Y,4.55,-2.45,7,37.75,0.0813,15972.96,0.1
AZQ,I2D,E,BUSAN,MVTRUST DOLPHIN,3838165,20251029,NLRTM,JPTYO,DEPARTED,11-07-2519:34,12-07-250:18,12/7/2025 3:00,11-07-2520:10,13-07-25 17:02,4.14,N,0.6,7.44,-6.84,44.88,0.05,4171.44,0.1
AZQ,C7P,W,ANTWERP,MVGOLDENDOLPHIN,2650302,20251030,CNSHA,USSEA,DEPARTED,09-03-256:37,09-03-2513:21,09-03-2512:23,9/3/2025 15:15,11/3/2025 5:04,1.88,Y,8.62,5.76,2.86,37.82,0.0834,14546.92,0.1
GRN,KQ5,W,TIANJIN,MVSOUTHERNCONSTELLATION,9394485,20251031,TWKHH,BRSSZ,DEPARTED,11/4/2025 8:02,11/4/2025 3:17,11-04-256:16,11/4/2025 3:10,12/4/2025 17:49,0.13,Y,-4.87,-1.76,-3.11,38.65,0.1818,41827.35,0.112
UVX,I13,E,PANAMACITY,MVWESTERNHERON,9503488,20251032,USLAX,MYPKG,DEPARTED,02-09-2519:32,3/9/2025 10:58,3/9/2025 8:33,3/9/2025 7:15,4/9/2025 22:59,3.72,Y,11.71,13.03,-1.32,39.74,0.2232,18986.08,0.59
NVX,C8Q,E,PANAMACITY,MVBRIGHT VOYAGER,9392409,20251033,USLAX,DEHAM,DEPARTED,14-06-25 3:32,13-06-25 16:13,14-06-25 0:57,13-06-25 21:05,14-06-25 23:36,4.85,N,-6.46,-2.58,-3.88,26.53,0.1642,32014.54,0.305
UVX,F6Y,E,ANTWERP,MVBRIGHT CORAL,2157688,20251034,GBFXT,IDJKT,DEPARTED,5/3/2025 17:16,05-03-2519:31,6/3/2025 5:07,6/3/2025 0:25,6/3/2025 18:26,4.89,N,7.14,11.85,-4.71,18.03,0.1785,11178.35,0.42
EVO,KP9,W,PANAMACITY,MVEASTERNHERON,3342581,20251035,CNQDG,USLAX,DEPARTED,14-02-2522:33,14-02-2521:03,15-02-25 7:49,15-02-25 2:45,16-02-25 21:06,5.7,N,4.2,9.27,-5.07,42.36,0.25,38189.62,0.254
EVO,59H,W,PANAMACITY,MV PACIFICFALCON,6423966,20251036,THLCB,USLAX,DEPARTED,1/9/2025 9:56,1/9/2025 14:33,01-09-2515:33,1/9/2025 14:45,4/9/2025 5:06,0.19,Y,4.8,5.61,-0.81,62.35,0.1165,13498.04,0.193
AZQ,D9M,W,LAEMCHABANG,MVGRANDFALCON,4996535,20251037,SGSIN,DEHAM,DEPARTED,13-05-25 5:45,13-05-25 9:30,13-05-2515:18,13-05-25 9:10,15-05-2510:25,0.34,Y,3.42,9.55,-6.14,49.26,0.1231,14931.51,0.182
CRY,C7P,E,LAEMCHABANG,MVOCEANFALCON,2540350,20251038,ITSPE,KRPUS,DEPARTED,7/4/2025 4:46,6/4/2025 14:09,06-04-2513:31,6/4/2025 18:05,9/4/2025 2:03,3.92,Y,-10.7,-15.25,4.56,55.98,0.2259,35644.2,0.327
AZQ,D12,E,BUSAN,MVSOUTHERNALBATROSS,1586291,20251039,MYPKG,JPOSA,DEPARTED,31-01-25 11:19,31-01-25 13:57,31-01-25 10:43,31-01-2514:55,1/2/2025 18:42,0.95,Y,3.59,-0.6,4.18,27.79,0.1561,4895.86,0.14
AZQ,ALW,W,LAEMCHABANG,MVBRIGHT SEAWAY,7930519,20251040,KRPUS,INNSA,DEPARTED,18-06-25 23:38,18-06-25 19:58,18-06-25 12:27,18-06-2520:05,20-06-25 23:23,0.1,Y,-3.56,-11.18,7.62,51.31,0.1878,16571.14,0.1
CRY,KQ5,W,SINGAPORE,MVGRANDORCA,6180535,20251041,KRPUS,ITSPE,DEPARTED,25-02-25 6:49,25-02-25 11:30,25-02-255:51,25-02-2510:35,27-02-25 8:02,0.92,Y,3.75,-0.96,4.72,45.47,0.1426,27512.07,0.186
BLX,DF5,W,JAKARTA,MVSILVERHERON,6294410,20251042,HKHKG,ESVLC,DEPARTED,4/9/2025 8:03,4/9/2025 7:52,3/9/2025 23:12,4/9/2025 4:10,5/9/2025 13:56,3.71,Y,-3.9,-8.85,4.95,33.77,0.1208,15380.84,0.269
AZQ,DF5,E,JAKARTA,MVTRUST AURORA,4974820,20251043,ESALG,KRPUS,DEPARTED,8/6/2025 22:58,9/6/2025 2:29,9/6/2025 0:47,9/6/2025 6:35,10-06-2522:11,4.09,N,7.61,1.83,5.78,39.61,0.1833,20527.5,0.288
AZQ,C0D,E,JAKARTA,MVWESTERNCORAL,4014886,20251044,BRSSZ,KRPUS,DEPARTED,14-08-2512:59,14-08-2513:25,14-08-25 8:59,14-08-2512:30,16-08-2510:58,0.93,Y,-0.49,-4,3.51,46.47,0.1757,39725.69,0.125
OPR,DF5,E,MUMBAI,MVEMERALDGATE,8046691,20251045,ESVLC,KRPUS,DEPARTED,13-02-25 20:08,14-02-25 0:13,14-02-25 1:06,13-02-25 19:20,15-02-25 5:06,4.89,N,-0.8,4.97,-5.77,33.78,0.1518,14917.51,0.1
NVX,D9M,W,BUSAN,MVBRIGHT AURORA,3369161,20251046,JPTYO,TWKHH,DEPARTED,28-05-251:57,28-05-25 10:59,28-05-25 8:00,28-05-25 10:55,30-05-2519:14,0.07,Y,8.95,6.04,2.91,56.33,0.0635,1218.33,0.1
SVQ,D12,W,ANTWERP,MVPACIFICHORIZON,166645,20251047,ITGIT,USSEA,DEPARTED,17-04-25 21:53,18-04-25 4:57,18-04-25 0:11,18-04-25 0:15,19-04-25 13:41,4.7,N,2.36,2.3,0.05,37.44,0.1466,8790.39,0.118
DPT,15P,E,JAKARTA,MVGOLDENHARBOR,7524491,20251048,DEBRV,CNSZX,DEPARTED,18-06-25 8:10,17-06-25 19:43,18-06-251:06,17-06-2523:15,19-06-25 17:03,3.53,Y,-8.92,-7.07,-1.85,41.81,0.183,17532.45,0.1
EVO,KP9,E,JAKARTA,MVPACIFICALBATROSS,6406248,20251049,ITGIT,KRPUS,DEPARTED,8/3/2025 15:27,8/3/2025 17:34,08-03-2513:12,8/3/2025 16:40,10/3/2025 9:37,0.9,Y,1.22,-2.24,3.45,40.96,0.092,16523.75,0.174
EVO,25Y,E,LAEMCHABANG,MVTRUST ALBATROSS,5109279,20251050,DEHAM,IDJKT,DEPARTED,21-08-2513:59,21-08-25 7:21,21-08-256:43,21-08-2510:05,22-08-25 20:00,2.73,Y,-3.92,-7.28,3.37,33.93,0.1282,12223.81,0.149
NVX,59H,W,JAKARTA,MVBLUEMARINER,7499841,20251051,CNSHA,GBSOU,DEPARTED,03-07-2523:01,4/7/2025 8:14,04-07-251:19,4/7/2025 8:15,07-07-254:55,0.01,Y,9.23,2.31,6.92,68.68,0.1306,13822.85,0.211
OPR,B5G,E,ANTWERP,MVOCEANORCA,8067027,20251052,GBSOU,CNSHA,DEPARTED,17-06-25 5:31,17-06-25 16:44,17-06-25 18:19,17-06-25 11:10,19-06-25 19:51,5.58,N,5.63,12.79,-7.15,56.69,0.1971,38079.99,0.224
SVQ,15P,W,JAKARTA,MVATLANTICALBATROSS,6794475,20251053,TWKHH,VNSGN,DEPARTED,14-09-25 12:31,14-09-25 6:36,14-09-25 6:56,14-09-25 5:30,15-09-25 8:54,1.1,Y,-7.02,-5.58,-1.44,27.4,0.1475,3029.68,0.1
SVQ,57M,W,DAMMAM,MVTRUST HERON,6070810,20251054,CNQDG,DEHAM,DEPARTED,15-06-25 0:22,15-06-25 2:18,15-06-254:40,15-06-25 7:20,16-06-25 20:14,5.03,N,6.96,4.3,2.66,36.91,0.25,30015.38,0.171
AZQ,C0D,W,SINGAPORE,MVEASTERNHORIZON,9671430,20251055,HKHKG,ESALG,DEPARTED,16-08-2518:24,17-08-25 8:25,16-08-25 22:05,17-08-25 2:35,19-08-25 4:16,5.85,N,8.18,3.69,4.49,49.69,0.1394,18464.83,0.163
DPT,57M,W,SINGAPORE,MVOCEANAURORA,1130100,20251056,HKHKG,GBSOU,DEPARTED,21-05-2522:41,21-05-2522:59,22-05-25 5:57,22-05-250:35,24-05-25 8:01,1.59,Y,1.89,7.26,-5.37,55.45,0.1138,6992.19,0.16
CRY,23I,E,ANTWERP,MVBLUEHERON,7236666,20251057,PAPTY,GRPIR,DEPARTED,31-05-2514:03,31-05-25 6:58,31-05-258:03,31-05-25 3:20,1/6/2025 10:47,3.65,Y,-10.73,-6,-4.73,31.46,0.1929,29969.18,0.367
OPR,9NB,W,SINGAPORE,MVPACIFICCONSTELLATION,1788364,20251058,KRPUS,ESVLC,DEPARTED,26-08-253:36,26-08-253:09,26-08-25 3:24,26-08-250:55,28-08-25 2:33,2.24,Y,-2.69,-0.2,-2.5,49.64,0.2176,23019.96,0.326
CRY,5RC,E,ANTWERP,MVRAPIDHERON,5762197,20251059,ESVLC,CNTXG,DEPARTED,21-05-25 8:23,21-05-25 1:39,21-05-251:14,21-05-255:00,22-05-25 8:58,3.35,Y,-3.39,-7.15,3.76,27.97,0.0881,4895.44,0.103
EVO,KQ5,W,ANTWERP,MVGOLDENFALCON,9847668,20251060,IDJKT,ESVLC,DEPARTED,28-02-25 11:23,28-02-25 2:02,27-02-25 22:23,28-02-25 2:30,1/3/2025 12:19,0.46,Y,-8.89,-13,4.11,33.83,0.245,19616.74,0.561
GRN,C8Q,E,JAKARTA,MVPACIFICHERON,8879633,20251061,MYPKG,CNNBG,DEPARTED,09-08-2516:55,9/8/2025 3:14,9/8/2025 12:18,09-08-258:55,10/8/2025 5:11,5.67,N,-8.01,-4.61,-3.39,20.27,0.1265,2646.2,0.1
NVX,5RC,W,MUMBAI,MVGOLDENAURORA,3608226,20251062,MYPKG,GBSOU,DEPARTED,14-03-2510:48,14-03-2514:34,14-03-25 15:36,14-03-25 15:20,17-03-25 4:07,0.76,Y,4.52,4.8,-0.28,60.8,0.1585,23490.34,0.22
UVX,9NB,E,MUMBAI,MVATLANTICVOYAGER,2920477,20251063,BRSSZ,THLCB,DEPARTED,15-07-25 20:57,16-07-25 9:18,15-07-2523:46,16-07-25 7:30,18-07-2510:32,1.81,Y,10.53,2.82,7.72,51.05,0.0504,13406.73,0.137
BLX,9NB,W,ANTWERP,MVRAPIDCONSTELLATION,5825743,20251064,CNQDG,USNYC,DEPARTED,02-02-253:34,1/2/2025 20:02,01-02-2519:21,2/2/2025 1:30,03-02-2522:17,5.46,N,-2.08,-8.22,6.14,44.8,0.1605,32487.22,0.317
GRN,EO3,E,LAEMCHABANG,MVPACIFICORCA,253380,20251065,NLRTM,IDJKT,DEPARTED,22-05-25 5:57,21-05-25 20:31,21-05-2523:56,22-05-25 2:00,24-05-25 2:58,5.47,N,-3.95,-6.02,2.07,48.97,0.1123,25521.53,0.1
BLX,D9M,W,BUSAN,MVGOLDENFALCON,364115,20251066,JPOSA,IDJKT,DEPARTED,22-05-25 2:05,22-05-252:52,22-05-258:47,22-05-25 6:15,22-05-2522:45,3.37,Y,4.16,6.71,-2.54,16.51,0.1316,13459.8,0.1
OPR,C7P,E,BUSAN,MVPACIFICFALCON,95789,20251067,GBFXT,JPTYO,DEPARTED,18-04-2520:42,18-04-25 8:05,18-04-25 16:48,18-04-2513:25,19-04-25 23:58,5.33,N,-7.3,-3.9,-3.4,34.56,0.187,34173.74,0.1
UVX,15P,W,DAMMAM,MVPACIFICSEAWAY,1801468,20251068,JPTYO,GBSOU,DEPARTED,30-03-2522:54,30-03-2520:08,30-03-25 20:12,30-03-25 17:50,31-03-2513:43,2.31,Y,-5.08,-2.71,-2.37,19.9,0.0842,10406.04,0.168
OPR,23I,E,ANTWERP,MVOCEANORCA,5569036,20251069,BRSSZ,MYTPP,DEPARTED,14-06-25 23:55,14-06-25 11:22,14-06-25 18:12,14-06-25 15:35,15-06-2516:42,4.21,N,-8.34,-5.71,-2.63,25.13,0.1846,25232.31,0.493
DPT,I2D,E,BUSAN,MVRAPIDSEAWAY,4915547,20251070,CNSHA,JPOSA,DEPARTED,16-01-25 17:20,16-01-25 10:21,16-01-25 7:34,16-01-25 14:15,17-01-251:29,3.89,Y,-3.09,-9.76,6.67,11.24,0.1291,1277.06,0.1
NVX,D12,W,ANTWERP,MVNORTHERNCONSTELLATION,2183263,20251071,HKHKG,PAPTY,DEPARTED,26-04-25 21:59,26-04-25 23:40,26-04-25 21:43,27-04-25 5:00,27-04-25 17:06,5.33,N,7.01,-0.27,7.28,12.11,0.2177,30485.26,0.282
OPR,F6Y,E,MUMBAI,MVNORTHERNAURORA,9202183,20251072,DEBRV,IDJKT,DEPARTED,1/9/2025 10:20,1/9/2025 21:36,1/9/2025 22:38,01-09-2517:20,2/9/2025 13:05,4.27,N,6.99,12.29,-5.3,19.76,0.176,19994.01,0.1
CRY,HWI,W,JAKARTA,MVWESTERNGATE,3879042,20251073,CNSZX,GRPIR,DEPARTED,04-04-253:57,4/4/2025 20:21,4/4/2025 7:11,4/4/2025 14:25,6/4/2025 8:13,5.95,N,10.46,3.23,7.23,41.8,-0.0337,50,0.1
OPR,F6Y,E,MUMBAI,MVGOLDENALBATROSS,8640426,20251074,ITSPE,VNSGN,DEPARTED,07-07-258:50,7/7/2025 16:07,07-07-2513:24,7/7/2025 13:25,9/7/2025 3:29,2.71,Y,4.58,4.57,0.01,38.07,-0.0101,50,0.1
UVX,D9M,E,LAEMCHABANG,MVSILVERORCA,2098254,20251075,ITGIT,MYTPP,DEPARTED,07-07-2520:10,7/7/2025 19:22,7/7/2025 20:37,7/7/2025 18:20,9/7/2025 13:24,1.05,Y,-1.85,0.44,-2.29,43.07,-0.0119,50,0.1
EVO,4OF,E,ANTWERP,MVSILVERHERON,624283,20251076,USNYC,VNSGN,DEPARTED,5/6/2025 20:54,5/6/2025 21:36,6/6/2025 3:22,5/6/2025 20:35,6/6/2025 21:12,1.02,Y,-0.32,6.47,-6.79,24.63,0.25,61691.04,0.362
CRY,EO3,E,ANTWERP,MVEASTERNSEAL,344319,20251077,USNYC,THLCB,DEPARTED,14-03-257:35,14-03-25 20:05,14-03-2520:13,14-03-25 15:20,16-03-25 7:36,4.76,N,7.75,12.63,-4.88,40.28,0.1245,34889.16,0.329
UVX,4VV,W,DAMMAM,MVGRANDHORIZON,5164046,20251078,CNXMN,GBSOU,DEPARTED,06-02-251:28,5/2/2025 21:50,05-02-2517:31,5/2/2025 20:35,7/2/2025 21:53,1.25,Y,-4.88,-7.95,3.07,49.31,0.175,29649.85,0.267
UVX,D9M,E,MUMBAI,MVOCEANORCA,3782089,20251079,AEKHL,CNXMN,DEPARTED,11/8/2025 15:24,11/8/2025 0:39,10/8/2025 22:37,11/8/2025 5:55,13-08-250:15,5.26,N,-9.48,-16.78,7.3,42.34,0.1965,8429.98,0.19
CRY,DF5,W,ANTWERP,MVWESTERNALBATROSS,2308675,20251080,CNQDG,USNYC,DEPARTED,25-01-2516:39,25-01-2521:08,25-01-25 21:42,26-01-25 2:00,27-01-25 19:06,4.86,N,9.35,5.06,4.29,41.11,0.05,8190.33,0.1
AZQ,25Y,E,LAEMCHABANG,MVBRIGHT SEAL,4923252,20251081,BEANR,KRPUS,DEPARTED,29-09-2510:40,29-09-2519:57,29-09-25 14:51,29-09-25 15:35,1/10/2025 8:52,4.37,N,4.92,4.18,0.73,41.29,0.2049,33220.69,0.154
CRY,5RC,E,SINGAPORE,MVTRUST HORIZON,5514534,20251082,AEKHL,JPTYO,DEPARTED,27-03-25 14:44,28-03-25 3:45,28-03-25 5:42,28-03-250:45,29-03-25 22:58,3,Y,10.01,14.96,-4.95,46.23,0.1636,8197.71,0.147
UVX,ALW,W,TIANJIN,MVEMERALDCONSTELLATION,9112617,20251083,CNQDG,CNYTN,DEPARTED,14-03-25 18:06,14-03-25 14:10,14-03-25 11:38,14-03-2511:20,15-03-25 8:28,2.84,Y,-6.77,-6.46,-0.31,21.15,0.1549,3575.51,0.1
EVO,I2D,E,TIANJIN,MVGRANDHORIZON,3047230,20251084,THLCB,KRPUS,DEPARTED,22-07-257:05,22-07-257:10,22-07-25 7:36,22-07-256:05,24-07-252:48,1.09,Y,-1.01,0.51,-1.52,44.72,0.0769,4893.93,0.1
AZQ,5RC,E,SINGAPORE,MVRAPIDMARINER,1726113,20251085,PAPTY,IDJKT,DEPARTED,16-09-25 1:11,16-09-25 8:39,16-09-25 11:15,16-09-2510:40,17-09-25 16:46,2,Y,9.48,10.06,-0.58,30.11,0.1583,42962.88,0.553
NVX,D9M,E,PANAMACITY,MVGOLDENAURORA,9973211,20251086,USLAX,MYPKG,DEPARTED,25-03-25 11:32,25-03-25 0:46,25-03-25 7:37,25-03-25 6:05,26-03-25 23:36,5.31,N,-5.46,-3.92,-1.54,41.52,0.1149,33210.61,0.327
GRN,989,E,TIANJIN,MV NORTHERNCORAL,7852858,20251087,GRPIR,JPOSA,DEPARTED,13-07-2512:31,12-07-2522:06,13-07-25 8:29,13-07-25 0:45,14-07-25 3:02,2.64,Y,-11.77,-4.03,-7.74,26.3,0.0933,8829.05,0.1
GRN,4VV,E,MUMBAI,MVWESTERNALBATROSS,6438030,20251088,ESALG,CNTXG,DEPARTED,5/6/2025 3:14,05-06-257:37,05-06-258:39,5/6/2025 11:45,6/6/2025 2:07,4.13,N,8.51,5.43,3.08,14.38,0.2392,12823.96,0.351
UVX,F6Y,W,MUMBAI,MVSILVERAURORA,5320566,20251089,IDJKT,NLRTM,DEPARTED,13-08-2511:49,13-08-2516:23,13-08-25 17:20,13-08-25 15:05,15-08-2521:46,1.31,Y,3.26,5.53,-2.26,54.69,0.1079,23502.78,0.103
OPR,C7P,W,MUMBAI,MVSILVERVOYAGER,4391987,20251090,CNSZX,NLRTM,DEPARTED,23-05-25 13:26,23-05-25 14:57,23-05-25 9:26,23-05-25 13:30,24-05-259:28,1.46,Y,0.06,-4,4.05,19.98,0.1914,17258.05,0.382
BLX,I13,W,ANTWERP,MVBLUEMARINER,834084,20251091,SGSIN,GBFXT,DEPARTED,08-08-255:19,08-08-2512:10,8/8/2025 21:21,8/8/2025 14:20,10-08-2522:59,2.16,Y,9.01,16.04,-7.03,56.67,0.1962,29737.04,0.124
SVQ,5RC,E,LAEMCHABANG,MVWESTERNHERON,3375488,20251092,GRPIR,HKHKG,DEPARTED,14-06-25 19:26,14-06-25 17:58,14-06-25 13:42,14-06-2515:55,15-06-25 18:39,2.06,Y,-3.53,-5.74,2.21,26.74,0.1655,14820.94,0.168
,,,,,,,,,,,,,,,,,,,,,,,
BLX,I2D,E,TIANJIN,MVTRUST GATE,357802,20251093,AEJEA,CNSHA,DEPARTED,15-04-25 11:06,15-04-25 11:32,15-04-25 15:34,15-04-2510:35,17-04-25 13:01,0.95,Y,-0.52,4.47,-4.99,50.44,0.0956,9072.62,0.125
DPT,2C7,W,JAKARTA,MVPACIFICALBATROSS,7616290,20251094,JPOSA,THLCB,DEPARTED,15-09-25 9:44,15-09-25 19:46,15-09-25 11:58,15-09-2517:05,17-09-25 4:20,2.7,Y,7.35,2.24,5.1,35.26,0.2195,14859.24,0.1
AZQ,989,E,JAKARTA,MVSOUTHERNCORAL,8930855,20251095,VNSGN,CNNBG,DEPARTED,09-02-2520:41,10/2/2025 3:47,10-02-258:25,10-02-258:30,10/2/2025 23:35,4.7,N,11.81,11.74,0.08,15.08,0.1761,6346.41,0.1
EVO,89H,W,JAKARTA,MVATLANTICSEAWAY,6072894,20251096,HKHKG,DEHAM,DEPARTED,26-06-25 16:22,26-06-25 21:06,27-06-256:27,27-06-25 0:50,27-06-2520:37,3.73,Y,8.46,14.08,-5.62,19.79,0.1789,12425.1,0.116
AZQ,03J,W,JAKARTA,MVGOLDENHARBOR,1631670,20251097,CNSHA,DEBRV,DEPARTED,11/5/2025 5:23,11/5/2025 12:21,11-05-2519:11,11-05-2514:35,13-05-25 18:48,2.23,Y,9.2,13.81,-4.61,52.23,0.1725,14334.17,0.25
NVX,15P,E,ANTWERP,MVEASTERNSEAL,7714646,20251098,GBSOU,HKHKG,DEPARTED,06-08-2510:02,06-08-2515:49,6/8/2025 6:55,6/8/2025 13:50,8/8/2025 2:43,1.99,Y,3.79,-3.12,6.91,36.89,0.2125,31617.23,0.308
CRY,2C7,E,MUMBAI,MVSILVERCORAL,4777555,20251099,GRPIR,CNQDG,DEPARTED,18-04-258:02,18-04-25 13:01,18-04-2512:33,18-04-25 11:15,20-04-25 2:15,1.77,Y,3.21,4.52,-1.31,39.01,0.2145,10165.52,0.168
CRY,D9M,W,DAMMAM,MVSOUTHERNALBATROSS,7358766,20251100,INNSA,BRSSZ,DEPARTED,29-06-25 22:48,30-06-25 2:25,29-06-25 19:28,29-06-2521:00,1/7/2025 0:58,5.42,N,-1.8,-3.33,1.53,27.97,0.2263,27419.59,0.105
BLX,L93,W,DAMMAM,MVTRUST HARBOR,5667541,20251101,CNSHA,ESALG,DEPARTED,20-05-2520:28,20-05-2513:23,20-05-25 10:55,20-05-25 18:50,21-05-25 2:50,5.44,N,-1.65,-9.55,7.9,8,0.1549,30904.78,0.326
AZQ,C0D,E,DAMMAM,MVEASTERNAURORA,2168146,20251102,USLAX,JPOSA,DEPARTED,5/5/2025 17:45,5/5/2025 17:31,5/5/2025 18:15,05-05-2520:45,7/5/2025 12:45,3.22,Y,2.98,0.49,2.5,40.01,0.1842,14907.91,0.327
BLX,DF5,E,SINGAPORE,MVBLUEVOYAGER,2990583,20251103,ESALG,KRPUS,DEPARTED,23-09-25 12:43,23-09-25 2:15,22-09-25 21:45,23-09-25 5:45,24-09-250:43,3.49,Y,-6.97,-14.96,7.99,18.98,0.1301,17571.41,0.212
CRY,HWI,W,LAEMCHABANG,MVEMERALDGATE,3332953,20251104,SGSIN,ESALG,DEPARTED,15-01-2522:03,15-01-25 14:58,15-01-25 16:56,15-01-25 13:40,16-01-25 7:13,1.3,Y,-8.39,-5.12,-3.27,17.56,0.0817,8713.68,0.168
EVO,15P,E,JAKARTA,MVRAPIDCORAL,828154,20251105,ITSPE,CNSHA,DEPARTED,19-08-2516:56,20-08-25 0:22,20-08-251:09,20-08-25 1:50,21-08-258:21,1.46,Y,8.89,8.22,0.67,30.52,0.1619,8580,0.277
EVO,89H,E,SINGAPORE,MVATLANTICCORAL,3992495,20251106,NLRTM,CNTXG,DEPARTED,8/5/2025 0:30,8/5/2025 14:24,08-05-2516:24,8/5/2025 9:40,09-05-250:20,4.74,N,9.16,15.9,-6.74,14.68,0.0915,7048.26,0.126
NVX,4OF,W,SINGAPORE,MVPACIFICORCA,5447862,20251107,CNTXG,GBFXT,DEPARTED,12/4/2025 5:35,12/4/2025 2:28,12-04-253:32,11-04-2521:55,13-04-25 19:01,4.56,N,-7.67,-2.04,-5.63,45.12,0.1891,22034.06,0.127
BLX,59H,E,ANTWERP,MVGOLDENMARINER,9597407,20251108,FRLEH,CNSHA,DEPARTED,12-05-2522:32,12/5/2025 8:59,12-05-259:51,12-05-2510:40,14-05-25 5:04,1.68,Y,-11.88,-12.68,0.8,42.4,0.0775,13429.98,0.1
DPT,57M,W,MUMBAI,MVGRANDVOYAGER,3612403,20251109,JPTYO,ESVLC,DEPARTED,25-06-2512:54,25-06-2515:58,25-06-25 19:50,25-06-25 16:00,27-06-2510:11,0.02,Y,3.1,6.93,-3.84,42.2,0.194,23158.69,0.155
CRY,4OF,E,BUSAN,MVNORTHERNHARBOR,1392836,20251110,AEJEA,JPOSA,DEPARTED,17-05-253:40,17-05-259:45,17-05-25 8:09,17-05-25 12:35,18-05-2515:08,2.83,Y,8.91,4.48,4.43,26.55,0.0958,6467.48,0.1
CRY,4OF,E,PANAMACITY,MVGOLDENGATE,7846476,20251111,USSEA,KRPUS,DEPARTED,28-03-25 16:17,28-03-25 13:29,28-03-25 7:21,28-03-25 14:50,30-03-258:27,1.33,Y,-1.45,-8.93,7.48,41.63,0.1536,21152.89,0.247
DPT,F6Y,E,TIANJIN,MVWESTERNORCA,1516793,20251112,AEJEA,CNSHA,DEPARTED,8/6/2025 3:51,7/6/2025 16:18,07-06-2513:40,07-06-2521:30,8/6/2025 6:31,5.19,N,-6.35,-14.18,7.83,9.02,0.2303,15794.38,0.1
DPT,03J,E,BUSAN,MVOCEANAURORA,6325596,20251113,TWKHH,JPTYO,DEPARTED,6/8/2025 11:06,6/8/2025 8:00,06-08-258:12,6/8/2025 5:45,06-08-2519:54,2.26,Y,-5.35,-2.9,-2.45,14.15,0.2106,6592.72,0.1
DPT,23I,E,BUSAN,MVRAPIDGATE,8492169,20251114,MYPKG,JPOSA,DEPARTED,28-02-2520:21,28-02-25 8:41,28-02-25 17:43,28-02-2510:30,28-02-25 18:30,1.81,Y,-9.86,-2.63,-7.23,8,0.1697,7878.43,0.1
UVX,59H,E,MUMBAI,MVOCEANHARBOR,1190421,20251115,GBSOU,IDJKT,DEPARTED,02-06-259:38,2/6/2025 18:55,3/6/2025 0:21,2/6/2025 18:05,03-06-2519:07,0.85,Y,8.45,14.73,-6.28,25.05,0.2245,27544.75,0.343
SVQ,C8Q,E,LAEMCHABANG,MVRAPIDSEAWAY,6918846,20251116,SADMM,CNXMN,DEPARTED,18-03-2516:10,18-03-2515:08,18-03-25 17:19,18-03-25 12:25,19-03-2516:58,2.73,Y,-3.76,1.15,-4.91,28.57,0.1091,14917.07,0.135
EVO,F6Y,E,TIANJIN,MVRAPIDMARINER,9595925,20251117,ITGIT,KRPUS,DEPARTED,02-01-259:19,01-01-2523:56,2/1/2025 11:11,2/1/2025 3:15,4/1/2025 21:36,3.31,Y,-6.08,1.86,-7.94,66.36,0.1032,8951.63,0.206
AZQ,4VV,E,LAEMCHABANG,MVRAPIDCORAL,2590916,20251118,PAPTY,CNTXG,DEPARTED,24-02-2513:35,24-02-2510:34,24-02-25 9:48,24-02-2510:45,25-02-25 7:08,0.17,Y,-2.84,-3.79,0.95,20.4,0.25,23503.28,0.751
OPR,EO3,E,PANAMACITY,MVSOUTHERNGATE,9060633,20251119,USLAX,ITGIT,DEPARTED,19-03-2515:37,19-03-2510:45,19-03-25 10:37,19-03-25 12:05,20-03-2512:39,1.33,Y,-3.54,-5.01,1.46,24.57,0.0982,20858.12,0.203
GRN,15P,W,MUMBAI,MVPACIFICGATE,6759749,20251120,JPTYO,NLRTM,DEPARTED,23-06-25 21:49,23-06-25 12:15,23-06-25 13:20,23-06-2513:45,25-06-25 21:32,1.5,Y,-8.08,-8.49,0.41,55.79,0.25,26593.02,0.169
SVQ,LGC,W,SINGAPORE,MVGRANDSEAWAY,232815,20251121,TWKHH,PAPTY,DEPARTED,16-08-25 23:56,16-08-25 8:33,16-08-25 5:55,16-08-25 12:25,18-08-250:32,3.86,Y,-11.53,-18.03,6.5,36.13,0.1675,34957.91,0.225
GRN,5RC,W,MUMBAI,MVTRUST HERON,520724,20251122,CNSZX,BRSSZ,DEPARTED,16-08-25 3:57,16-08-25 18:53,16-08-25 11:36,16-08-2515:00,18-08-25 9:32,3.89,Y,11.04,7.66,3.39,42.55,0.1168,34097.63,0.207
SVQ,23I,W,BUSAN,MVSOUTHERNDOLPHIN,1581086,20251123,JPTYO,SGSIN,DEPARTED,22-02-2521:44,23-02-255:24,23-02-25 12:37,23-02-25 7:40,24-02-25 4:57,2.27,Y,9.92,14.87,-4.95,21.29,0.1997,19788.21,0.118
DPT,89H,E,TIANJIN,MVOCEANCONSTELLATION,9189796,20251124,ITGIT,CNNBG,DEPARTED,28-09-25 17:31,29-09-25 1:02,28-09-2522:51,29-09-25 4:25,30-09-2515:58,3.38,Y,10.89,5.34,5.55,35.56,0.1289,11237.3,0.184
CRY,989,W,TIANJIN,MV NORTHERNSEAWAY,9158970,20251125,CNSHA,USLAX,DEPARTED,7/7/2025 20:58,7/7/2025 19:49,7/7/2025 22:42,7/7/2025 15:35,08-07-2521:12,4.25,N,-5.38,1.73,-7.12,29.63,0.1621,18053.51,0.324
UVX,D12,W,PANAMACITY,MVGRANDSEAL,9081797,20251126,NLRTM,USSEA,DEPARTED,7/5/2025 12:42,7/5/2025 17:42,7/5/2025 6:42,7/5/2025 14:05,08-05-259:17,3.63,Y,1.38,-6,7.38,19.21,0.0688,3750.54,0.1
SVQ,57M,E,MUMBAI,MVGRANDVOYAGER,6297448,20251127,FRLEH,CNTXG,DEPARTED,23-04-25 19:47,23-04-25 21:21,23-04-25 14:47,23-04-2518:55,25-04-25 21:51,2.45,Y,-0.88,-5.01,4.12,50.95,-0.0156,50,0.1
CRY,C0D,E,ANTWERP,MVRAPIDFALCON,5172038,20251128,GBFXT,VNSGN,DEPARTED,17-06-2523:37,18-06-2510:11,18-06-25 3:43,18-06-255:45,20-06-25 14:46,4.44,N,6.12,4.1,2.02,57.03,0.1482,16738.12,0.244
CRY,57M,W,JAKARTA,MVEASTERNMARINER,8732722,20251129,JPOSA,NLRTM,DEPARTED,16-06-2511:17,16-06-25 10:31,16-06-25 19:39,16-06-25 13:20,18-06-25 10:20,2.82,Y,2.05,8.38,-6.33,45.01,0.2193,39368.17,0.277
OPR,I2D,W,ANTWERP,MVATLANTICALBATROSS,9195323,20251130,THLCB,USNYC,DEPARTED,08-03-2515:28,9/3/2025 7:00,8/3/2025 22:37,9/3/2025 2:25,10-03-254:36,4.59,N,10.95,7.15,3.8,26.18,0.1114,18448.68,0.1
SVQ,03J,E,DAMMAM,MVTRUST AURORA,1587895,20251131,PAPTY,VNSGN,DEPARTED,28-06-25 17:58,28-06-25 1:08,27-06-2522:20,28-06-25 6:05,30-06-25 0:49,4.93,N,-11.89,-19.62,7.74,42.74,0.197,41630.12,0.423
OPR,4OF,W,MUMBAI,MVEMERALDHERON,3238784,20251132,HKHKG,BRSSZ,DEPARTED,21-05-25 2:44,20-05-25 15:24,20-05-2512:38,20-05-2520:10,22-05-25 11:21,4.75,N,-6.58,-14.11,7.53,39.19,0.1909,26896.35,0.555
GRN,89H,W,BUSAN,MVPACIFICGATE,9076267,20251133,JPTYO,PAPTY,DEPARTED,05-04-2516:01,6/4/2025 2:41,5/4/2025 22:53,05-04-2523:30,7/4/2025 18:35,3.19,Y,7.47,6.87,0.61,43.09,0.1774,17133.11,0.446
NVX,2C7,E,ANTWERP,MVWESTERNALBATROSS,2513172,20251134,GBSOU,TWKHH,DEPARTED,15-07-2510:08,15-07-25 8:51,15-07-253:39,15-07-25 9:45,17-07-255:57,0.89,Y,-0.39,-6.48,6.09,44.2,0.1106,9597.31,0.188
UVX,EO3,W,LAEMCHABANG,MVTRUST MARINER,948237,20251135,SGSIN,DEHAM,DEPARTED,6/9/2025 22:58,7/9/2025 1:57,7/9/2025 3:33,7/9/2025 4:05,9/9/2025 1:01,2.13,Y,5.1,4.57,0.53,44.95,0.1334,17629.84,0.255
UVX,5RC,W,DAMMAM,MVEASTERNHORIZON,6097667,20251136,JPTYO,USLAX,DEPARTED,17-01-25 7:26,17-01-25 3:27,16-01-2520:37,16-01-2523:40,18-01-25 15:10,3.78,Y,-7.78,-10.82,3.04,39.5,0.05,5726.54,0.1
GRN,KP9,W,ANTWERP,MVGRANDDOLPHIN,541459,20251137,JPTYO,ESALG,DEPARTED,30-03-25 3:30,30-03-25 9:54,30-03-2511:55,30-03-25 11:20,1/4/2025 8:23,1.42,Y,7.83,8.42,-0.59,45.06,0.1331,12351.73,0.128
NVX,L93,W,DAMMAM,MVATLANTICSEAWAY,8856965,20251138,CNXMN,BRSSZ,DEPARTED,18-09-25 0:00,17-09-25 17:06,17-09-25 16:44,17-09-2512:55,19-09-25 11:28,4.19,N,-11.09,-7.27,-3.82,46.56,0.1384,19244.66,0.122
DPT,LGC,E,TIANJIN,MV EASTERNCORAL,9874125,20251139,MYPKG,JPOSA,DEPARTED,4/5/2025 9:04,3/5/2025 21:27,04-05-255:22,3/5/2025 21:50,5/5/2025 6:09,0.37,Y,-11.23,-3.7,-7.54,32.33,0.0745,7068.73,0.1
EVO,I2D,E,ANTWERP,MVSOUTHERNHERON,1132267,20251140,GBSOU,MYTPP,DEPARTED,1/8/2025 4:58,1/8/2025 16:35,1/8/2025 11:59,1/8/2025 13:35,3/8/2025 17:13,3.01,Y,8.61,7.03,1.59,51.64,0.2382,46905.42,0.189
CRY,HWI,E,DAMMAM,MVWESTERNHORIZON,1695994,20251141,DEHAM,HKHKG,DEPARTED,25-02-25 11:58,25-02-25 10:06,25-02-25 7:47,25-02-25 8:50,26-02-25 6:58,1.27,Y,-3.15,-4.18,1.04,22.14,0.2169,15141.17,0.367
CRY,D9M,W,LAEMCHABANG,MVWESTERNHERON,7847139,20251142,HKHKG,FRLEH,DEPARTED,16-07-25 1:30,15-07-25 16:14,15-07-2516:13,15-07-25 17:50,17-07-25 21:39,1.59,Y,-7.67,-9.29,1.62,51.82,-0.0431,50,0.1
AZQ,03J,E,ANTWERP,MVSILVERHORIZON,5352326,20251143,GBFXT,CNXMN,DEPARTED,09-07-255:56,09-07-253:40,9/7/2025 1:50,09-07-253:25,10-07-250:17,0.25,Y,-2.53,-4.11,1.58,20.87,0.05,4583.12,0.1
OPR,C0D,W,DAMMAM,MVBLUE SEAL,7733298,20251144,KRPUS,GRPIR,DEPARTED,07-07-2516:01,08-07-252:07,7/7/2025 18:42,7/7/2025 23:45,09-07-2510:51,2.38,Y,7.72,2.68,5.04,35.1,0.0957,14608.23,0.1
BLX,C7P,E,ANTWERP,MVNORTHERNHARBOR,187962,20251145,GBFXT,MYTPP,DEPARTED,28-06-2513:49,28-06-2511:50,28-06-25 7:55,28-06-2513:50,29-06-2515:41,1.99,Y,0,-5.91,5.91,25.86,0.1742,18086.91,0.127
CRY,9NB,W,LAEMCHABANG,MVGOLDENMARINER,1880394,20251146,IDJKT,GRPIR,DEPARTED,28-09-25 3:40,27-09-25 21:45,27-09-25 17:19,27-09-2517:20,29-09-25 10:24,4.42,N,-10.34,-10.35,0.01,41.08,0.1446,25341.79,0.236
EVO,C0D,E,JAKARTA,MVGOLDENHARBOR,1509430,20251147,PAPTY,HKHKG,DEPARTED,6/7/2025 0:34,5/7/2025 16:51,6/7/2025 2:12,5/7/2025 21:35,07-07-255:44,4.73,N,-2.99,1.63,-4.63,32.15,0.1008,14973.16,0.232
EVO,C0D,W,ANTWERP,MVTRUST HORIZON,7974362,20251148,ITSPE,ESALG,DEPARTED,18-09-2523:08,19-09-251:16,19-09-25 11:51,19-09-25 6:10,21-09-25 3:15,4.9,N,7.02,12.71,-5.69,45.1,0.1991,3792.02,0.1
CRY,23I,E,MUMBAI,MVSILVERGATE,4290440,20251149,DEBRV,MYPKG,DEPARTED,28-06-2516:51,28-06-25 17:26,28-06-25 12:34,28-06-25 19:15,1/7/2025 4:12,1.8,Y,2.4,-4.27,6.67,56.95,0.1892,18679.3,0.1
DPT,DF5,W,SINGAPORE,MVTRUST ALBATROSS,5678298,20251150,JPOSA,GRPIR,DEPARTED,30-06-253:55,30-06-259:53,30-06-25 9:14,30-06-258:30,30-06-25 19:31,1.4,Y,4.57,5.31,-0.74,11.03,0.2197,29081.93,0.265
CRY,B5G,W,LAEMCHABANG,MVGRANDHORIZON,8414002,20251151,KRPUS,USNYC,DEPARTED,14-04-25 10:35,14-04-25 12:51,14-04-25 8:13,14-04-25 7:55,15-04-25 21:30,4.94,N,-2.67,-2.37,-0.31,37.59,0.1968,45629.3,0.238
DPT,DF5,W,TIANJIN,MV TRUST GATE,7126389,20251152,JPOSA,GBFXT,DEPARTED,27-05-2512:41,27-05-25 8:53,27-05-25 12:49,27-05-25 14:30,29-05-2517:51,5.61,N,1.8,0.13,1.68,51.37,0.0963,8262.52,0.1
EVO,C7P,W,LAEMCHABANG,MVBRIGHT SEAWAY,5664321,20251153,KRPUS,SADMM,DEPARTED,01-07-2514:13,01-07-2511:08,1/7/2025 16:27,1/7/2025 12:55,2/7/2025 4:13,1.77,Y,-1.31,2.24,-3.55,15.31,0.1075,14651.99,0.1
UVX,9NB,W,BUSAN,MVEMERALDSEAL,1039226,20251154,JPTYO,CNTXG,DEPARTED,11/2/2025 8:42,11/2/2025 13:57,11-02-2517:14,11/2/2025 11:35,13-02-25 13:30,2.38,Y,2.88,8.54,-5.66,49.92,0.2233,5714.71,0.1
DPT,F6Y,E,JAKARTA,MVTRUST VOYAGER,5397189,20251155,FRLEH,CNXMN,DEPARTED,5/8/2025 14:29,5/8/2025 13:34,6/8/2025 2:51,5/8/2025 19:25,8/8/2025 6:09,5.83,N,4.92,12.37,-7.45,58.74,0.2259,19075.79,0.1
BLX,5RC,E,BUSAN,MVEASTERNCONSTELLATION,4117487,20251156,GBFXT,JPOSA,DEPARTED,13-07-25 9:17,13-07-25 21:17,14-07-25 1:07,13-07-25 18:25,15-07-251:01,2.87,Y,9.12,15.83,-6.71,30.62,0.0989,10389.4,0.1
UVX,HWI,W,MUMBAI,MVEMERALDORCA,8672075,20251157,IDJKT,BEANR,DEPARTED,23-03-25 13:24,23-03-25 14:48,23-03-25 3:20,23-03-25 11:00,24-03-25 12:15,3.81,Y,-2.41,-10.06,7.65,25.25,-0.034,50,0.1
EVO,KP9,E,PANAMACITY,MVEMERALDFALCON,8678997,20251158,USLAX,GBFXT,DEPARTED,5/4/2025 16:22,5/4/2025 15:50,5/4/2025 22:24,5/4/2025 16:30,06-04-2523:32,0.66,Y,0.13,6.04,-5.91,31.03,0.1845,11465.78,0.267
SVQ,D12,E,TIANJIN,MVGRANDCONSTELLATION,6981135,20251159,CNYTN,JPTYO,DEPARTED,1/9/2025 23:05,1/9/2025 14:25,1/9/2025 21:01,01-09-2513:25,2/9/2025 18:12,1.01,Y,-9.68,-2.07,-7.61,28.79,0.1545,3028.02,0.1
GRN,03J,E,MUMBAI,MVATLANTICAURORA,3933724,20251160,PAPTY,CNSHA,DEPARTED,03-03-2516:45,03-03-2516:35,3/3/2025 5:35,03-03-2513:30,5/3/2025 0:03,3.1,Y,-3.26,-11.17,7.91,34.55,0.05,15251.21,0.1
OPR,F6Y,E,PANAMACITY,MVSILVERVOYAGER,7393891,20251161,USLAX,GRPIR,DEPARTED,1/7/2025 12:00,1/7/2025 16:42,1/7/2025 13:50,01-07-2518:50,3/7/2025 0:28,2.13,Y,6.83,1.84,4.99,29.65,0.05,10945.59,0.119
CRY,4VV,E,BUSAN,MVRAPIDCONSTELLATION,5747280,20251162,CNQDG,JPTYO,DEPARTED,20-05-25 7:43,20-05-25 6:35,20-05-258:30,20-05-257:05,21-05-25 10:58,0.49,Y,-0.65,0.77,-1.42,27.9,0.1439,5401.37,0.1
GRN,25Y,W,MUMBAI,MVBRIGHT HARBOR,7114287,20251163,CNYTN,BRSSZ,DEPARTED,23-06-2523:35,23-06-2516:34,23-06-25 16:31,23-06-25 17:05,25-06-2516:30,0.51,Y,-6.52,-7.08,0.56,47.42,0.1259,41254.04,0.244
AZQ,989,E,TIANJIN,MVEMERALDDOLPHIN,8553175,20251164,INNSA,CNQDG,DEPARTED,5/9/2025 22:49,5/9/2025 18:17,5/9/2025 5:12,5/9/2025 12:55,6/9/2025 21:51,5.37,N,-9.91,-17.63,7.71,32.95,0.1592,14247.12,0.147
NVX,4OF,W,TIANJIN,MVSILVERHARBOR,3960819,20251165,TWKHH,GBSOU,DEPARTED,05-09-252:58,04-09-2517:00,04-09-2518:12,4/9/2025 22:10,6/9/2025 13:02,5.17,N,-4.82,-8.77,3.96,38.87,0.1412,12300.54,0.197
GRN,03J,W,BUSAN,MVSILVERAURORA,745797,20251166,JPOSA,FRLEH,DEPARTED,18-07-252:24,17-07-2522:43,17-07-25 21:16,17-07-25 22:10,20-07-2510:34,0.55,Y,-4.25,-5.13,0.88,60.41,0.104,17014.14,0.1
SVQ,D9M,W,DAMMAM,MVTRUST FALCON,1915235,20251167,CNYTN,BEANR,DEPARTED,21-02-25 19:03,21-02-25 14:09,21-02-25 11:49,21-02-25 13:50,23-02-2523:37,0.32,Y,-5.22,-7.23,2.01,57.79,0.25,46924.26,0.356
NVX,15P,W,MUMBAI,MVEMERALDDOLPHIN,5863549,20251168,CNSHA,GRPIR,DEPARTED,19-02-25 9:27,19-02-254:19,19-02-259:32,19-02-25 6:20,21-02-25 9:45,2.02,Y,-3.12,0.08,-3.2,51.42,0.2164,33365.65,0.1
AZQ,I2D,E,DAMMAM,MVWESTERNSEAWAY,5413973,20251169,ITSPE,KRPUS,DEPARTED,13-01-25 16:41,13-01-25 8:40,13-01-25 2:17,13-01-25 7:40,13-01-25 15:40,1.02,Y,-9.02,-14.39,5.37,8,0.1249,9337.17,0.159
EVO,4OF,W,MUMBAI,MVEMERALDAURORA,2010731,20251170,JPTYO,PAPTY,DEPARTED,17-09-2516:55,17-09-25 8:24,17-09-252:00,17-09-25 7:15,18-09-25 17:12,1.15,Y,-9.67,-14.92,5.25,33.95,0.1721,36393.9,0.239
AZQ,03J,W,MUMBAI,MVPACIFICHERON,3608130,20251171,IDJKT,BEANR,DEPARTED,12/9/2025 14:19,12/9/2025 17:37,12-09-2516:14,12/9/2025 21:55,15-09-25 5:36,4.28,N,7.6,1.92,5.68,55.69,0.1465,34522.07,0.134
UVX,59H,E,JAKARTA,MVTRUST GATE,2977827,20251172,NLRTM,CNTXG,DEPARTED,27-03-25 1:20,27-03-25 7:50,27-03-25 17:48,27-03-2512:30,28-03-25 10:54,4.66,N,11.15,16.47,-5.31,22.4,0.1467,15981.26,0.156
CRY,15P,E,MUMBAI,MVEMERALDHARBOR,5887695,20251173,BEANR,MYPKG,DEPARTED,11/9/2025 15:11,11/9/2025 8:26,11/9/2025 8:19,11/9/2025 13:35,13-09-25 21:39,5.14,N,-1.62,-6.88,5.26,56.08,0.2155,35996.8,0.259
EVO,5RC,E,JAKARTA,MVOCEANMARINER,1527098,20251174,ITGIT,KRPUS,DEPARTED,18-06-258:02,17-06-2520:14,18-06-25 3:14,17-06-25 23:40,19-06-25 0:10,3.42,Y,-8.38,-4.81,-3.57,24.51,0.2042,10833.95,0.129
NVX,25Y,W,PANAMACITY,MV PACIFICHORIZON,8900398,20251175,CNSHA,USLAX,DEPARTED,04-04-2523:25,05-04-2510:04,5/4/2025 7:48,05-04-2510:50,6/4/2025 6:45,0.76,Y,11.4,8.37,3.03,19.93,0.2482,35021.03,0.1
SVQ,5RC,W,ANTWERP,MVNORTHERNCORAL,5980223,20251176,CNNBG,USNYC,DEPARTED,04-04-258:19,04-04-251:15,03-04-2523:24,4/4/2025 3:30,05-04-2522:14,2.24,Y,-4.83,-8.91,4.09,42.75,-0.0204,50,0.1
DPT,25Y,E,SINGAPORE,MVNORTHERNCORAL,2288926,20251177,MYTPP,CNTXG,DEPARTED,14-03-2513:40,14-03-25 23:13,14-03-25 13:45,14-03-25 20:30,16-03-25 23:18,2.72,Y,6.83,0.09,6.74,50.8,0.1304,10576.28,0.1
AZQ,9NB,W,DAMMAM,MVTRUST SEAL,9193025,20251178,IDJKT,ITSPE,DEPARTED,11/8/2025 10:58,11/8/2025 8:41,10/8/2025 22:08,11/8/2025 5:20,12/8/2025 18:38,3.36,Y,-5.64,-12.84,7.2,37.31,0.1544,34075.75,0.1
UVX,59H,W,ANTWERP,MVBRIGHT CORAL,5747998,20251179,CNNBG,GBFXT,DEPARTED,30-08-2523:34,30-08-25 12:03,30-08-25 14:49,30-08-25 11:35,1/9/2025 16:26,0.48,Y,-12,-8.76,-3.24,52.86,0.2321,25807.77,0.174
BLX,EO3,W,BUSAN,MVEASTERNSEAWAY,7923637,20251180,JPOSA,TWKHH,DEPARTED,25-02-25 23:42,26-02-25 5:55,26-02-25 7:58,26-02-25 1:50,27-02-25 14:25,4.1,N,2.12,8.26,-6.14,36.59,0.1673,3731.04,0.1
EVO,C8Q,E,LAEMCHABANG,MVGRANDCONSTELLATION,9881613,20251181,SADMM,KRPUS,DEPARTED,15-06-25 0:57,15-06-25 0:15,15-06-251:34,14-06-25 23:40,16-06-25 22:29,0.58,Y,-1.3,0.61,-1.91,46.82,0.25,36703.84,0.375
GRN,EO3,W,MUMBAI,MVOCEANHERON,7919979,20251182,CNSZX,ESVLC,DEPARTED,22-01-258:38,22-01-25 7:30,22-01-25 10:37,22-01-25 8:50,24-01-250:06,1.32,Y,0.19,1.98,-1.8,39.27,0.1,19968.16,0.1
UVX,9NB,E,DAMMAM,MV NORTHERNCONSTELLATION,1649650,20251183,BEANR,JPOSA,DEPARTED,7/4/2025 10:56,7/4/2025 2:42,7/4/2025 3:40,7/4/2025 6:10,8/4/2025 19:44,3.45,Y,-4.77,-7.26,2.49,37.57,0.25,24401.03,0.329
SVQ,KP9,E,TIANJIN,MVSOUTHERNDOLPHIN,2677736,20251184,MYPKG,CNXMN,DEPARTED,25-03-25 3:35,24-03-25 14:12,24-03-25 22:29,24-03-25 19:20,26-03-25 20:14,5.12,N,-8.26,-5.09,-3.17,48.91,0.1063,3780.96,0.1
DPT,23I,E,PANAMACITY,MVATLANTICFALCON,956653,20251185,USLAX,BRSSZ,DEPARTED,16-05-2521:37,16-05-25 9:40,16-05-254:30,16-05-2511:40,17-05-25 22:26,1.99,Y,-9.97,-17.13,7.16,34.78,0.1027,8537.44,0.1
,,,,,,,,,,,,,,,,,,,,,,,
UVX,F6Y,E,SINGAPORE,MVNORTHERNHERON,5965453,20251186,THLCB,JPTYO,DEPARTED,2/3/2025 13:29,1/3/2025 23:59,02-03-258:00,2/3/2025 3:20,03-03-2522:58,3.35,Y,-10.16,-5.48,-4.68,43.64,0.0925,7551.63,0.1
DPT,25Y,E,ANTWERP,MVGOLDENCORAL,8837,20251187,PAPTY,IDJKT,DEPARTED,21-06-25 7:13,21-06-25 2:20,20-06-25 16:22,20-06-2521:20,21-06-25 20:28,5.02,N,-9.89,-14.85,4.96,23.14,0.2458,36919.46,0.949
NVX,KQ5,W,ANTWERP,MVGOLDENHERON,7826421,20251188,THLCB,FRLEH,DEPARTED,11/9/2025 12:43,11/9/2025 5:10,11-09-253:30,11-09-255:20,13-09-25 18:13,0.16,Y,-7.39,-9.22,1.83,60.89,0.1436,21598.23,0.229
DPT,F6Y,E,TIANJIN,MVGRANDHORIZON,7972267,20251189,GBFXT,JPOSA,DEPARTED,26-05-2522:36,27-05-25 3:16,27-05-251:43,27-05-256:50,29-05-25 13:05,3.56,Y,8.22,3.11,5.11,54.26,0.0926,7878.3,0.138
DPT,B5G,W,TIANJIN,MVSOUTHERNCONSTELLATION,9790644,20251190,CNQDG,DEBRV,DEPARTED,9/7/2025 23:38,10/7/2025 5:12,10-07-253:58,10/7/2025 7:25,11-07-2515:01,2.21,Y,7.78,4.34,3.44,31.61,0.0884,14789.25,0.1
UVX,59H,W,DAMMAM,MVSILVERVOYAGER,4321444,20251191,SGSIN,NLRTM,DEPARTED,17-09-2521:21,17-09-25 4:30,17-09-25 14:50,17-09-25 9:50,19-09-258:15,5.32,N,-11.53,-6.53,-5,46.43,0.1347,15323.36,0.224
GRN,89H,E,DAMMAM,MVTRUST GATE,4203274,20251192,DEBRV,THLCB,DEPARTED,05-04-250:29,05-04-252:10,4/4/2025 19:37,5/4/2025 0:55,6/4/2025 21:46,1.26,Y,0.43,-4.86,5.29,44.86,0.1544,21877.25,0.296
UVX,D12,W,MUMBAI,MVGOLDENSEAL,8534048,20251193,CNNBG,AEJEA,DEPARTED,13-08-251:15,13-08-254:42,12-08-2518:54,13-08-25 2:40,13-08-2517:37,2.05,Y,1.41,-6.35,7.76,14.96,0.1439,9087.24,0.118
EVO,59H,W,TIANJIN,MVTRUST SEAL,2612521,20251194,TWKHH,USLAX,DEPARTED,9/8/2025 15:53,9/8/2025 20:12,9/8/2025 22:09,9/8/2025 14:45,11/8/2025 23:18,5.46,N,-1.15,6.26,-7.41,56.56,0.2128,27470.28,0.363
CRY,C0D,E,TIANJIN,MVSOUTHERNMARINER,9797003,20251195,CNYTN,CNQDG,DEPARTED,16-02-25 18:12,16-02-25 18:44,17-02-25 2:44,16-02-25 22:55,18-02-25 22:20,4.18,N,4.71,8.53,-3.82,47.42,-0.0428,50,0.1
EVO,9NB,W,ANTWERP,MVGOLDENHORIZON,4888107,20251196,CNSHA,FRLEH,DEPARTED,24-01-25 12:06,24-01-25 4:24,24-01-25 8:42,24-01-25 2:20,25-01-25 16:49,2.08,Y,-9.78,-3.4,-6.38,38.49,0.0618,7526.78,0.1
AZQ,I2D,E,SINGAPORE,MVTRUST HORIZON,5533151,20251197,ESALG,CNSZX,DEPARTED,13-09-25 7:49,13-09-259:10,13-09-2511:01,13-09-25 4:05,15-09-25 0:16,5.08,N,-3.74,3.21,-6.95,44.2,0.0715,7528.69,0.117
UVX,C7P,W,MUMBAI,MVGOLDENAURORA,1048431,20251198,IDJKT,ESALG,DEPARTED,23-08-2517:33,23-08-2519:08,23-08-25 20:11,23-08-25 19:15,24-08-2520:24,0.1,Y,1.69,2.63,-0.94,25.16,0.1713,13274.6,0.165
SVQ,4VV,W,TIANJIN,MVSOUTHERNAURORA,5221716,20251199,CNNBG,NLRTM,DEPARTED,16-03-259:39,16-03-254:09,16-03-25 6:26,16-03-259:40,18-03-2514:31,5.51,N,0,-3.23,3.23,52.86,0.1671,13691.67,0.32
NVX,C7P,E,ANTWERP,MVSOUTHERNVOYAGER,9485691,20251200,USNYC,INNSA,DEPARTED,24-09-2518:07,24-09-2511:51,24-09-25 8:53,24-09-258:15,25-09-25 1:42,3.6,Y,-9.88,-9.24,-0.64,17.47,0.1264,30399.36,0.196
UVX,57M,W,MUMBAI,MVGRANDALBATROSS,35554,20251201,TWKHH,BRSSZ,DEPARTED,20-05-25 7:33,20-05-25 12:34,20-05-257:46,20-05-25 12:45,21-05-25 20:24,0.18,Y,5.18,0.2,4.98,31.65,0.1474,30669.55,0.327
BLX,C0D,W,DAMMAM,MVPACIFICCONSTELLATION,4811040,20251202,HKHKG,ITSPE,DEPARTED,3/7/2025 16:32,3/7/2025 16:56,4/7/2025 0:09,3/7/2025 17:05,5/7/2025 11:46,0.14,Y,0.53,7.61,-7.07,42.69,0.152,23745.96,0.1
UVX,ALW,E,DAMMAM,MVNORTHERNVOYAGER,428864,20251203,FRLEH,CNQDG,DEPARTED,9/7/2025 1:00,8/7/2025 15:22,8/7/2025 12:35,08-07-2518:30,10/7/2025 12:29,3.12,Y,-6.51,-12.41,5.9,42,0.1142,16646.8,0.182
SVQ,2C7,E,DAMMAM,MVWESTERNALBATROSS,7391463,20251204,DEBRV,AEJEA,DEPARTED,03-02-2516:54,3/2/2025 20:29,3/2/2025 18:15,3/2/2025 15:55,5/2/2025 0:46,4.57,N,-0.99,1.34,-2.34,32.85,0.2381,13823.16,0.1
NVX,LGC,E,BUSAN,MVGOLDENSEAWAY,6179228,20251205,TWKHH,JPOSA,DEPARTED,20-07-25 20:26,20-07-25 21:25,20-07-25 21:18,20-07-2516:20,21-07-25 13:42,5.09,N,-4.11,0.86,-4.97,21.38,0.0613,1047.16,0.1
NVX,D9M,E,BUSAN,MVATLANTICFALCON,7685308,20251206,PAPTY,JPOSA,DEPARTED,04-06-254:41,03-06-2523:14,4/6/2025 1:18,4/6/2025 1:25,7/6/2025 7:32,2.17,Y,-3.28,-3.38,0.1,78.12,0.22,53307.93,0.423
OPR,LGC,E,LAEMCHABANG,MVOCEANSEAL,8678388,20251207,ITSPE,TWKHH,DEPARTED,18-04-250:13,17-04-25 15:24,17-04-2521:18,17-04-25 16:30,19-04-25 13:47,1.09,Y,-7.73,-2.91,-4.82,45.29,0.1432,18724.34,0.14
EVO,EO3,W,JAKARTA,MVBLUEGATE,9841977,20251208,CNSHA,NLRTM,DEPARTED,9/8/2025 3:54,9/8/2025 3:35,09-08-258:18,09-08-257:10,11/8/2025 7:57,3.58,Y,3.26,4.41,-1.15,48.8,0.2361,32503.2,0.344
NVX,C7P,E,DAMMAM,MVEMERALDVOYAGER,7990207,20251209,GBFXT,CNYTN,DEPARTED,29-06-25 17:35,30-06-25 3:43,29-06-25 22:42,29-06-25 22:55,02-07-2518:15,4.81,N,5.33,5.12,0.21,67.34,0.1732,27151.51,0.159
DPT,D12,W,ANTWERP,MVOCEANALBATROSS,3223271,20251210,CNTXG,PAPTY,DEPARTED,15-08-250:53,15-08-253:17,15-08-25 10:57,15-08-25 6:40,16-08-25 15:52,3.37,Y,5.77,10.07,-4.29,33.2,0.1873,36122.72,0.422
CRY,25Y,E,ANTWERP,MVSILVERHARBOR,571947,20251211,BRSSZ,MYTPP,DEPARTED,25-09-250:16,24-09-2513:55,24-09-2518:14,24-09-25 15:00,25-09-25 21:14,1.07,Y,-9.27,-6.02,-3.25,30.24,0.1458,23500.89,0.129
EVO,4OF,E,SINGAPORE,MVGOLDENSEAL,8582158,20251212,NLRTM,JPOSA,DEPARTED,16-01-25 7:36,16-01-25 11:52,16-01-25 3:30,16-01-25 9:50,17-01-25 16:23,2.05,Y,2.23,-4.09,6.32,30.56,0.0661,12162.76,0.111
OPR,DF5,W,JAKARTA,MVSILVERCORAL,7804750,20251213,CNTXG,ITSPE,DEPARTED,31-05-25 22:53,31-05-25 10:14,31-05-25 11:24,31-05-2511:15,2/6/2025 22:02,1.01,Y,-11.64,-11.47,-0.16,58.8,0.05,2288.64,0.1
EVO,989,E,TIANJIN,MVNORTHERNCONSTELLATION,2995466,20251214,FRLEH,TWKHH,DEPARTED,06-05-257:20,06-05-250:12,06-05-2510:23,6/5/2025 2:50,8/5/2025 4:55,2.62,Y,-4.52,3.04,-7.56,50.09,0.1067,14830.92,0.137
BLX,15P,E,DAMMAM,MVGOLDENMARINER,8684554,20251215,USLAX,MYTPP,DEPARTED,29-09-25 17:59,29-09-25 12:38,29-09-25 20:14,29-09-2518:15,2/10/2025 10:15,5.6,N,0.26,2.25,-1.99,64.01,0.1922,35654.36,0.264
BLX,5RC,E,SINGAPORE,MVBRIGHT GATE,3087207,20251216,MYPKG,CNTXG,DEPARTED,23-09-25 5:00,23-09-25 5:22,23-09-2514:36,23-09-25 9:15,25-09-25 8:02,3.87,Y,4.25,9.6,-5.35,46.79,0.1578,5214.01,0.1
NVX,LGC,E,DAMMAM,MVNORTHERNCONSTELLATION,3591709,20251217,BEANR,CNSHA,DEPARTED,22-03-2522:39,23-03-25 7:12,23-03-259:11,23-03-25 8:20,25-03-25 11:22,1.12,Y,9.67,10.53,-0.87,51.05,0.1083,17443.43,0.159
OPR,C8Q,W,ANTWERP,MVATLANTICDOLPHIN,9926375,20251218,CNYTN,USLAX,DEPARTED,20-07-2522:34,20-07-25 20:15,20-07-25 12:02,20-07-25 15:30,22-07-25 10:06,4.75,N,-7.08,-10.53,3.45,42.6,0.1326,15653.83,0.324
SVQ,I2D,E,SINGAPORE,MVGRANDDOLPHIN,3510986,20251219,DEHAM,TWKHH,DEPARTED,5/4/2025 22:42,6/4/2025 2:47,6/4/2025 6:10,6/4/2025 2:05,7/4/2025 12:42,0.7,Y,3.37,7.46,-4.09,34.63,0.2151,37987.6,0.329
UVX,15P,E,MUMBAI,MVBLUE SEAWAY,4325450,20251220,GRPIR,JPTYO,DEPARTED,14-09-2510:57,14-09-2510:20,13-09-25 23:46,14-09-25 5:25,15-09-25 20:25,4.92,N,-5.54,-11.18,5.64,39,0.1802,12181.46,0.337
NVX,DF5,W,TIANJIN,MVEASTERNVOYAGER,1194373,20251221,JPTYO,MYPKG,DEPARTED,5/2/2025 23:52,6/2/2025 1:30,5/2/2025 23:57,5/2/2025 21:00,08-02-250:40,4.5,N,-2.88,0.08,-2.96,51.67,0.2378,8729.14,0.108
UVX,59H,W,JAKARTA,MVATLANTICAURORA,3509338,20251222,CNXMN,FRLEH,DEPARTED,24-01-25 12:39,24-01-25 15:36,24-01-25 18:48,24-01-2512:00,25-01-25 12:20,3.61,Y,-0.66,6.14,-6.8,24.34,0.1423,28187.33,0.208
GRN,57M,E,ANTWERP,MVSOUTHERNORCA,5362732,20251223,PAPTY,HKHKG,DEPARTED,25-03-2515:17,25-03-2520:09,25-03-25 20:36,25-03-25 17:30,27-03-2518:49,2.67,Y,2.2,5.3,-3.1,49.33,0.1736,25921.05,0.42
GRN,4VV,E,ANTWERP,MVATLANTICGATE,450122,20251224,USLAX,AEJEA,DEPARTED,2/5/2025 11:04,02-05-2513:52,2/5/2025 10:54,2/5/2025 14:40,4/5/2025 19:07,0.79,Y,3.59,-0.17,3.76,52.46,0.1587,37152.73,0.291
CRY,D12,W,TIANJIN,MVPACIFICSEAL,3630594,20251225,CNNBG,THLCB,DEPARTED,10-04-2515:00,10/4/2025 8:04,10-04-2512:40,10-04-2512:35,12/4/2025 14:12,4.51,N,-2.42,-2.32,-0.1,49.62,0.25,6644.62,0.1
CRY,D9M,W,MUMBAI,MVOCEANHARBOR,6062510,20251226,CNNBG,PAPTY,DEPARTED,5/6/2025 7:06,5/6/2025 14:33,05-06-2512:42,5/6/2025 12:50,6/6/2025 9:30,1.72,Y,5.72,5.6,0.13,20.67,0.25,35446.61,0.489
NVX,59H,E,TIANJIN,MV GRANDHARBOR,8457126,20251227,CNSZX,TWKHH,DEPARTED,8/8/2025 9:10,8/8/2025 10:29,08-08-254:57,08-08-2510:50,10/8/2025 4:31,0.35,Y,1.66,-4.22,5.87,41.69,0.2407,1407.04,0.1
GRN,F6Y,E,DAMMAM,MVTRUST ALBATROSS,9304089,20251228,PAPTY,IDJKT,DEPARTED,29-07-25 7:51,29-07-25 12:41,29-07-2515:19,29-07-2510:45,31-07-25 4:32,1.95,Y,2.9,7.47,-4.57,41.8,0.1253,14692.28,0.1
NVX,15P,E,LAEMCHABANG,MVPACIFICHERON,1587576,20251229,AEKHL,JPOSA,DEPARTED,08-05-254:31,8/5/2025 1:55,8/5/2025 11:17,8/5/2025 6:10,8/5/2025 21:08,4.25,N,1.64,6.77,-5.13,14.98,0.1712,11040.89,0.141
EVO,I2D,E,JAKARTA,MVBRIGHT AURORA,6554526,20251230,SADMM,CNXMN,DEPARTED,28-04-2512:22,28-04-25 22:53,29-04-25 0:36,28-04-25 20:10,30-04-25 4:11,2.73,Y,7.8,12.24,-4.44,32.03,0.1353,13458.46,0.1
AZQ,C0D,E,JAKARTA,MVSOUTHERNHERON,3192329,20251231,GBFXT,HKHKG,DEPARTED,22-05-25 11:20,22-05-25 16:04,22-05-2516:55,22-05-25 12:05,23-05-25 13:57,3.99,Y,0.73,5.57,-4.84,25.87,0.1549,21797.49,0.1
SVQ,4OF,W,LAEMCHABANG,MVGRANDORCA,839577,20251232,CNTXG,BEANR,DEPARTED,05-03-2516:27,06-03-255:01,6/3/2025 7:00,6/3/2025 0:35,8/3/2025 1:57,4.44,N,8.12,14.54,-6.42,49.37,0.1476,10846.16,0.147
SVQ,4VV,E,MUMBAI,MVATLANTICVOYAGER,9502608,20251233,ESVLC,CNSHA,DEPARTED,16-05-2519:51,16-05-2511:16,16-05-25 9:39,16-05-2514:20,18-05-25 5:20,3.05,Y,-5.53,-10.2,4.68,39.01,0.0925,14006.06,0.179
AZQ,03J,W,BUSAN,MVEMERALDSEAL,1493821,20251234,JPOSA,AEKHL,DEPARTED,10/5/2025 15:15,10/5/2025 2:47,10/5/2025 9:00,10/5/2025 3:40,11/5/2025 1:55,0.88,Y,-11.59,-6.25,-5.35,22.27,0.2103,15346.72,0.196
GRN,03J,W,PANAMACITY,MV ATLANTICORCA,6581426,20251235,BRSSZ,USSEA,DEPARTED,17-02-25 4:31,16-02-25 12:48,16-02-2520:27,16-02-25 17:40,18-02-25 4:26,4.86,N,-10.86,-8.06,-2.8,34.77,0.1396,31393.69,0.183
SVQ,23I,W,LAEMCHABANG,MVOCEANAURORA,6591941,20251236,IDJKT,ITSPE,DEPARTED,19-01-25 2:58,18-01-2518:03,18-01-25 18:46,18-01-25 23:05,20-01-2515:40,5.03,N,-3.89,-8.2,4.31,40.6,0.1454,24251.7,0.251
NVX,I13,W,JAKARTA,MVBLUEMARINER,3364480,20251237,JPOSA,FRLEH,DEPARTED,28-03-25 15:32,29-03-25 1:53,28-03-25 18:21,28-03-25 23:15,30-03-2518:04,2.65,Y,7.71,2.81,4.9,42.82,0.124,17921.88,0.195
GRN,I13,W,BUSAN,MVSOUTHERNMARINER,6622205,20251238,JPTYO,SGSIN,DEPARTED,01-01-2511:34,01-01-2521:37,1/1/2025 20:17,1/1/2025 21:00,04-01-251:34,0.63,Y,9.42,8.7,0.72,52.58,0.0944,8357.36,0.1
AZQ,9NB,W,BUSAN,MVOCEANCORAL,6307636,20251239,JPOSA,PAPTY,DEPARTED,29-08-259:32,29-08-256:00,29-08-25 8:48,29-08-2510:55,30-08-25 13:19,4.9,N,1.37,-0.74,2.11,26.41,0.1576,46009.65,0.193
DPT,25Y,E,BUSAN,MVPACIFICMARINER,2259008,20251240,ESALG,JPTYO,DEPARTED,09-04-258:05,10-04-250:41,09-04-2515:19,9/4/2025 19:40,11/4/2025 19:17,5.02,N,11.58,7.24,4.34,47.63,0.137,24880.41,0.1
EVO,D9M,W,SINGAPORE,MVPACIFICVOYAGER,9400673,20251241,CNYTN,GRPIR,DEPARTED,28-08-25 23:10,28-08-25 22:34,29-08-251:56,29-08-25 2:30,30-08-2514:18,3.92,Y,3.32,2.76,0.55,35.8,0.1772,17441.94,0.29
OPR,ALW,E,BUSAN,MVATLANTICHORIZON,8242621,20251242,USSEA,JPTYO,DEPARTED,15-08-2512:58,15-08-25 1:58,14-08-25 21:50,15-08-25 4:35,16-08-25 15:36,2.61,Y,-8.38,-15.12,6.74,35.02,0.1754,9143.97,0.1
BLX,LGC,E,PANAMACITY,MVNORTHERNALBATROSS,9289676,20251243,USLAX,MYPKG,DEPARTED,13-06-257:09,13-06-2514:44,13-06-25 11:03,13-06-25 15:35,14-06-2522:11,0.84,Y,8.43,3.91,4.52,30.61,0.1708,43497.19,0.319
DPT,B5G,W,MUMBAI,MVGRANDFALCON,4240627,20251244,TWKHH,AEKHL,DEPARTED,28-08-25 18:01,29-08-25 4:07,28-08-25 22:04,29-08-25 3:00,31-08-258:18,1.13,Y,8.97,4.04,4.93,53.31,0.2275,25384.88,0.1
BLX,L93,E,LAEMCHABANG,MVRAPIDDOLPHIN,8805399,20251245,USNYC,SGSIN,DEPARTED,23-06-25 15:39,23-06-25 15:15,23-06-25 10:41,23-06-259:20,24-06-25 22:36,5.93,N,-6.32,-4.96,-1.36,37.28,0.227,21796.17,0.229
EVO,03J,E,DAMMAM,MV BLUEDOLPHIN,2062384,20251246,ESVLC,VNSGN,DEPARTED,25-07-25 20:26,25-07-25 10:42,25-07-25 9:52,25-07-25 9:20,27-07-25 10:34,1.37,Y,-11.1,-10.56,-0.54,49.25,0.1601,12087.62,0.283
AZQ,23I,E,TIANJIN,MVBRIGHT FALCON,9760954,20251247,AEJEA,CNNBG,DEPARTED,11/3/2025 0:57,11/3/2025 7:42,11/3/2025 13:48,11-03-2512:15,12/3/2025 8:06,4.54,N,11.3,12.85,-1.56,19.86,-0.0103,50,0.1
SVQ,2C7,W,DAMMAM,MVATLANTICVOYAGER,1997425,20251248,THLCB,ESVLC,DEPARTED,22-09-258:27,22-09-254:30,22-09-25 7:23,22-09-25 2:40,23-09-25 22:25,1.84,Y,-5.79,-1.06,-4.73,43.76,0.1323,24995.39,0.127
EVO,DF5,E,DAMMAM,MVRAPIDHARBOR,4664695,20251249,FRLEH,VNSGN,DEPARTED,12-04-252:23,12-04-252:32,11-04-2523:28,11/4/2025 23:50,13-04-25 4:43,2.71,Y,-2.56,-2.92,0.36,28.89,0.2068,36385.2,0.1
UVX,LGC,W,PANAMACITY,MVATLANTICVOYAGER,6835673,20251250,IDJKT,USLAX,DEPARTED,12-05-2512:02,12-05-2519:36,12/5/2025 18:54,12/5/2025 16:15,14-05-251:37,3.36,Y,4.21,6.86,-2.65,33.37,0.1655,24675.31,0.238
NVX,5RC,W,PANAMACITY,MVSOUTHERNORCA,8920745,20251251,VNSGN,USSEA,DEPARTED,8/7/2025 11:23,8/7/2025 11:51,08-07-2512:12,8/7/2025 11:50,9/7/2025 19:00,0.02,Y,0.45,0.82,-0.37,31.18,0.1295,19329.86,0.19
GRN,4OF,W,MUMBAI,MVNORTHERNSEAWAY,3937774,20251252,JPOSA,GBFXT,DEPARTED,13-08-25 12:34,12/8/2025 20:35,12/8/2025 23:01,13-08-25 1:10,15-08-257:43,4.58,N,-11.4,-13.53,2.13,54.56,0.2091,12555.85,0.3
UVX,15P,W,DAMMAM,MVSOUTHERNCORAL,3078592,20251253,TWKHH,DEHAM,DEPARTED,07-06-2518:01,07-06-2511:10,7/6/2025 18:10,7/6/2025 11:35,08-06-2522:58,0.42,Y,-6.44,0.15,-6.58,35.39,0.2332,33110.38,0.1
EVO,03J,W,LAEMCHABANG,MVSILVERFALCON,9676692,20251254,KRPUS,USLAX,DEPARTED,12/1/2025 19:00,12/1/2025 18:17,12/1/2025 16:20,12-01-2512:50,14-01-25 5:11,5.47,N,-6.17,-2.67,-3.51,40.36,0.1025,19228.25,0.106
CRY,03J,W,ANTWERP,MVSOUTHERNDOLPHIN,2140162,20251255,CNYTN,USLAX,DEPARTED,03-07-2513:02,03-07-258:47,3/7/2025 6:19,3/7/2025 4:45,4/7/2025 6:20,4.04,N,-8.29,-6.71,-1.58,25.6,0.0764,18991.45,0.192
AZQ,LGC,W,MUMBAI,MVSOUTHERNORCA,9772500,20251256,SGSIN,AEJEA,DEPARTED,11/5/2025 1:39,11/5/2025 4:21,10-05-2521:51,11/5/2025 2:55,11-05-2517:40,1.45,Y,1.25,-3.81,5.07,14.75,0.1189,5713.04,0.123
GRN,C8Q,W,PANAMACITY,MV ATLANTICSEAWAY,3400026,20251257,SGSIN,USLAX,DEPARTED,5/6/2025 2:08,4/6/2025 23:22,05-06-251:07,5/6/2025 4:10,06-06-256:58,4.8,N,2.03,-1.01,3.04,26.81,0.1402,28814.76,0.1
AZQ,EO3,E,BUSAN,MVNORTHERNGATE,1209303,20251258,USLAX,JPOSA,DEPARTED,15-03-25 1:50,15-03-25 5:14,15-03-2513:42,15-03-25 7:45,15-03-2519:22,2.5,Y,5.9,11.87,-5.97,11.63,0.0851,16507.6,0.1
GRN,23I,W,MUMBAI,MVBLUEGATE,6973444,20251259,HKHKG,DEHAM,DEPARTED,8/8/2025 0:07,7/8/2025 16:12,7/8/2025 22:26,07-08-2515:55,9/8/2025 7:35,0.3,Y,-8.21,-1.68,-6.52,39.67,0.2156,27706.79,0.206
EVO,B5G,E,LAEMCHABANG,MVGRANDORCA,8814877,20251260,ITGIT,CNQDG,DEPARTED,23-05-25 4:05,23-05-25 3:54,23-05-255:29,23-05-25 4:35,24-05-254:45,0.68,Y,0.5,1.4,-0.91,24.17,0.1625,11124.57,0.15
NVX,I2D,E,PANAMACITY,MVTRUST HERON,810433,20251261,USSEA,AEKHL,DEPARTED,13-04-25 23:38,14-04-25 1:15,13-04-25 23:25,14-04-25 5:20,16-04-258:33,4.07,N,5.7,-0.21,5.91,51.22,0.0958,16192.2,0.104
EVO,C7P,W,JAKARTA,MVSILVERFALCON,3908781,20251262,CNSHA,ESALG,DEPARTED,26-03-25 3:05,26-03-25 9:02,26-03-252:40,26-03-25 3:50,27-03-2517:58,5.2,N,0.74,-0.43,1.17,38.14,0.076,8124.88,0.101
GRN,C8Q,W,MUMBAI,MVSILVERORCA,2356614,20251263,CNQDG,GRPIR,DEPARTED,8/5/2025 21:03,8/5/2025 9:06,08-05-2512:47,8/5/2025 12:05,10/5/2025 5:49,2.98,Y,-8.97,-8.27,-0.7,41.75,0.0563,3231.92,0.1
SVQ,2C7,W,BUSAN,MVGRANDFALCON,761474,20251264,JPOSA,IDJKT,DEPARTED,4/2/2025 21:58,4/2/2025 20:16,5/2/2025 1:03,4/2/2025 19:25,6/2/2025 11:27,0.86,Y,-2.57,3.08,-5.65,40.04,0.1881,19881.69,0.1
AZQ,I2D,E,DAMMAM,MVNORTHERNHORIZON,227853,20251265,ITGIT,SGSIN,DEPARTED,9/8/2025 1:12,9/8/2025 9:18,09-08-257:03,09-08-2512:25,10/8/2025 21:43,3.11,Y,11.21,5.85,5.35,33.31,0.1383,22283.61,0.237
UVX,F6Y,W,PANAMACITY,MVNORTHERNVOYAGER,4806859,20251266,VNSGN,USSEA,DEPARTED,6/5/2025 6:59,5/5/2025 20:06,06-05-254:52,5/5/2025 21:10,7/5/2025 11:18,1.06,Y,-9.82,-2.11,-7.71,38.13,0.152,12560.68,0.389
AZQ,4VV,E,JAKARTA,MVBLUEALBATROSS,3042376,20251267,USSEA,CNTXG,DEPARTED,5/7/2025 21:42,5/7/2025 22:38,6/7/2025 0:57,6/7/2025 0:35,6/7/2025 12:39,1.94,Y,2.87,3.24,-0.37,12.07,0.1098,11386.41,0.1
OPR,DF5,E,TIANJIN,MV NORTHERNAURORA,3550078,20251268,USSEA,CNXMN,DEPARTED,25-03-25 19:26,25-03-25 22:15,26-03-25 0:33,25-03-25 21:20,28-03-25 4:36,0.92,Y,1.89,5.11,-3.22,55.28,-0.0395,50,0.1
NVX,B5G,W,ANTWERP,MVNORTHERNSEAWAY,6557886,20251269,KRPUS,GBFXT,DEPARTED,01-01-2516:29,01-01-2517:53,1/1/2025 11:17,1/1/2025 16:05,03-01-255:56,1.81,Y,-0.41,-5.19,4.79,37.85,0.1235,19101.15,0.227
EVO,15P,W,MUMBAI,MVPACIFICHERON,8161534,20251270,CNYTN,GBFXT,DEPARTED,25-04-25 6:11,25-04-2512:15,25-04-25 7:50,25-04-259:10,27-04-25 3:27,3.09,Y,2.98,1.65,1.33,42.29,0.2377,26199.86,0.11
CRY,4OF,W,DAMMAM,MVSILVERCONSTELLATION,6616763,20251271,JPTYO,NLRTM,DEPARTED,05-09-2521:02,6/9/2025 1:47,5/9/2025 22:04,6/9/2025 0:45,7/9/2025 19:45,1.04,Y,3.72,1.04,2.68,43.01,0.1123,6178.85,0.215
NVX,25Y,W,BUSAN,MVWESTERNVOYAGER,5589053,20251272,JPTYO,IDJKT,DEPARTED,20-07-25 3:32,19-07-2514:38,19-07-25 23:52,19-07-25 20:15,21-07-25 7:05,5.61,N,-7.29,-3.67,-3.62,34.84,0.0725,8757.57,0.1
UVX,LGC,E,JAKARTA,MVOCEANHORIZON,3461249,20251273,ITSPE,CNQDG,DEPARTED,16-02-2521:12,16-02-2511:37,16-02-25 9:32,16-02-25 17:10,18-02-252:38,5.55,N,-4.04,-11.67,7.63,33.48,0.1528,20428.96,0.239
DPT,23I,W,SINGAPORE,MVGOLDENAURORA,4831935,20251274,CNNBG,AEKHL,DEPARTED,23-05-25 22:05,24-05-25 1:38,24-05-25 4:36,23-05-25 22:50,24-05-25 20:23,2.82,Y,0.74,6.51,-5.77,21.56,0.166,11950.29,0.1
NVX,4VV,W,BUSAN,MVSILVERDOLPHIN,2542429,20251275,JPTYO,USSEA,DEPARTED,11-01-253:33,11/1/2025 14:19,11-01-2521:03,11/1/2025 14:25,13-01-25 10:20,0.09,Y,10.86,17.5,-6.64,43.92,0.1866,25864.8,0.135
NVX,LGC,W,ANTWERP,MVPACIFICHERON,6818217,20251276,MYTPP,USNYC,DEPARTED,03-02-2511:43,03-02-253:57,3/2/2025 7:45,3/2/2025 4:00,4/2/2025 22:58,0.05,Y,-7.73,-3.96,-3.76,42.97,0.2153,66914.35,0.391
BLX,C7P,W,TIANJIN,MVSILVERVOYAGER,4715950,20251277,CNXMN,BEANR,DEPARTED,11-01-2514:38,12-01-257:11,12/1/2025 6:59,12/1/2025 2:20,14-01-25 8:08,4.86,N,11.7,16.35,-4.65,53.8,0.1599,18890.94,0.243
EVO,5RC,E,DAMMAM,MVRAPIDHARBOR,8756366,20251278,NLRTM,INNSA,DEPARTED,20-08-25 2:35,20-08-258:29,20-08-254:00,20-08-25 9:05,22-08-25 7:13,0.6,Y,6.49,1.4,5.08,46.15,0.25,21284.3,0.282
,,,,,,,,,,,,,,,,,,,,,,,
BLX,15P,W,ANTWERP,MVSILVERGATE,6168112,20251279,NLRTM,GBSOU,DEPARTED,21-02-2512:19,21-02-2515:28,21-02-25 17:37,21-02-25 12:20,22-02-2521:20,3.15,Y,0.01,5.3,-5.3,33.01,0.226,819.69,0.1
OPR,B5G,W,ANTWERP,MVATLANTICSEAWAY,5518722,20251280,CNNBG,PAPTY,DEPARTED,27-07-25 17:23,28-07-25 4:42,27-07-25 21:55,28-07-25 4:20,28-07-25 18:26,0.38,Y,10.94,4.54,6.4,14.11,0.1775,45278.99,0.304
NVX,B5G,W,PANAMACITY,MVNORTHERNHARBOR,9697224,20251281,SGSIN,USLAX,DEPARTED,13-08-256:15,13-08-2519:40,13-08-25 16:04,13-08-25 17:25,15-08-2512:26,2.25,Y,11.16,9.81,1.35,43.02,0.2384,20700.14,0.649
GRN,B5G,E,ANTWERP,MVEMERALDHARBOR,2684137,20251282,ESALG,JPOSA,DEPARTED,28-05-25 4:06,28-05-25 13:51,28-05-254:18,28-05-25 12:15,30-05-25 1:48,1.61,Y,8.15,0.2,7.94,37.56,0.1399,12632.72,0.214
UVX,KQ5,W,PANAMACITY,MVSOUTHERNGATE,3451405,20251283,ESVLC,USLAX,DEPARTED,2/9/2025 18:34,2/9/2025 23:40,02-09-2519:06,3/9/2025 0:10,4/9/2025 2:05,0.5,Y,5.59,0.54,5.05,25.92,0.147,15369.66,0.301
EVO,KQ5,E,LAEMCHABANG,MVWESTERNALBATROSS,1330688,20251284,AEKHL,IDJKT,DEPARTED,29-05-25 20:31,29-05-25 20:41,29-05-2521:25,29-05-25 16:15,30-05-25 12:14,4.44,N,-4.27,0.91,-5.18,19.99,0.1053,8822.96,0.1
UVX,23I,W,MUMBAI,MVOCEANFALCON,964948,20251285,CNYTN,NLRTM,DEPARTED,9/2/2025 21:30,9/2/2025 19:41,10/2/2025 3:17,9/2/2025 23:30,11/2/2025 18:03,3.82,Y,1.99,5.79,-3.8,42.57,0.2153,18264.43,0.216
AZQ,15P,E,TIANJIN,MVRAPIDCORAL,103109,20251286,BEANR,CNNBG,DEPARTED,20-04-253:02,20-04-25 10:37,20-04-2514:53,20-04-25 8:35,22-04-25 1:44,2.05,Y,5.54,11.84,-6.3,41.17,0.1534,28010.68,0.202
GRN,9NB,W,PANAMACITY,MVEASTERNORCA,3059782,20251287,CNTXG,USSEA,DEPARTED,29-08-2521:02,29-08-2510:36,29-08-25 13:18,29-08-25 9:45,30-08-25 4:25,0.86,Y,-11.28,-7.72,-3.56,18.67,0.2448,30488.42,0.311
SVQ,23I,E,PANAMACITY,MVTRUST MARINER,2606257,20251288,USLAX,MYTPP,DEPARTED,28-04-25 13:26,28-04-25 3:58,28-04-25 10:26,28-04-25 4:15,30-04-25 16:12,0.28,Y,-9.19,-3,-6.19,59.96,0.1671,42103.33,0.304
NVX,I13,W,BUSAN,MVEASTERNCORAL,4277131,20251289,JPTYO,DEHAM,DEPARTED,07-04-259:59,7/4/2025 20:57,07-04-2515:49,7/4/2025 15:40,9/4/2025 14:00,5.29,N,5.68,5.84,-0.16,46.34,-0.0459,50,0.1
AZQ,C8Q,W,TIANJIN,MVSOUTHERNALBATROSS,7923020,20251290,JPOSA,AEKHL,DEPARTED,03-02-2516:32,3/2/2025 23:25,3/2/2025 19:11,4/2/2025 0:40,4/2/2025 16:30,1.24,Y,8.13,2.66,5.47,15.84,0.2272,9570.63,0.1
CRY,89H,W,TIANJIN,MVOCEANSEAWAY,2691340,20251291,KRPUS,ESALG,DEPARTED,30-08-25 5:00,30-08-25 11:46,30-08-25 19:27,30-08-2514:55,1/9/2025 10:56,3.15,Y,9.9,14.44,-4.54,44.02,0.1553,27906.07,0.29
AZQ,03J,W,TIANJIN,MVEASTERNGATE,3832042,20251292,CNXMN,GBSOU,DEPARTED,3/2/2025 17:51,3/2/2025 6:15,3/2/2025 9:39,3/2/2025 9:35,5/2/2025 3:29,3.33,Y,-8.28,-8.21,-0.07,41.91,0.2092,26943.02,0.119
NVX,B5G,E,ANTWERP,MVNORTHERNHARBOR,7171284,20251293,USSEA,CNSZX,DEPARTED,29-01-25 11:52,29-01-25 11:50,29-01-25 19:20,29-01-2511:40,31-01-25 15:31,0.17,Y,-0.2,7.46,-7.67,51.87,0.13,7567.5,0.282
SVQ,989,W,SINGAPORE,MVSILVERORCA,1235085,20251294,HKHKG,AEJEA,DEPARTED,28-03-25 2:41,27-03-25 20:35,27-03-25 9:38,27-03-25 15:25,29-03-25 7:22,5.18,N,-11.27,-17.05,5.78,39.97,0.103,5761.14,0.1
AZQ,C8Q,E,LAEMCHABANG,MVBRIGHT HARBOR,6098804,20251295,ITSPE,CNSZX,DEPARTED,31-07-2515:19,31-07-2515:08,31-07-25 13:38,31-07-25 20:55,02-08-2515:02,5.77,N,5.59,-1.68,7.27,42.13,0.0737,6740.67,0.1
NVX,4OF,E,LAEMCHABANG,MVATLANTICSEAL,3601172,20251296,NLRTM,CNNBG,DEPARTED,26-07-253:14,25-07-25 22:56,25-07-2519:43,25-07-25 23:45,28-07-25 4:23,0.8,Y,-3.49,-7.52,4.03,52.64,-0.012,50,0.1
NVX,03J,E,LAEMCHABANG,MVWESTERNALBATROSS,5220424,20251297,ITGIT,KRPUS,DEPARTED,01-07-2519:22,02-07-253:36,1/7/2025 20:42,2/7/2025 0:45,3/7/2025 4:32,2.85,Y,5.37,1.33,4.03,27.79,0.0591,11780.33,0.1
UVX,EO3,E,BUSAN,MVSOUTHERNALBATROSS,1945519,20251298,FRLEH,JPOSA,DEPARTED,03-03-251:30,03-03-250:53,03-03-254:05,2/3/2025 23:45,4/3/2025 17:18,1.15,Y,-1.76,2.58,-4.34,41.56,0.2445,23613.54,0.341
CRY,9NB,W,JAKARTA,MVSILVERHARBOR,9565697,20251299,HKHKG,MYPKG,DEPARTED,20-08-25 12:11,20-08-25 7:39,20-08-2513:13,20-08-2513:05,21-08-25 17:45,5.43,N,0.9,1.05,-0.15,28.68,0.1489,2430.83,0.1
EVO,EO3,E,MUMBAI,MVNORTHERNDOLPHIN,3062627,20251300,USSEA,CNYTN,DEPARTED,13-01-252:06,12/1/2025 21:29,12-01-2520:04,12/1/2025 17:40,14-01-25 2:54,3.83,Y,-8.45,-6.04,-2.4,33.24,0.129,24347.11,0.1
